PuzzleId,FEN,Moves,Rating,RatingDeviation,Popularity,NbPlays,Themes,GameUrl,OpeningTags,DailyDate,n_moves
7rbFB,4rr1k/pp4Rp/2p1qp2/8/3Q4/4p1RP/PPP3P1/7K b - - 1 29,e3e2 g7h7 h8h7 d4h4,1284,74,96,24053,attraction endgame mate mateIn2 sacrifice short,https://lichess.org/D63HZ125/black#58,,,4
UQhab,6k1/5p2/4b1p1/P1B1p2p/2p1q3/2Q1b2P/r1N3P1/3R2K1 w - - 0 35,c5e3 a2c2 c3c2 e4c2,1173,77,94,2155,crushing middlegame short,https://lichess.org/7babWhul#69,,,4
lhM3p,8/p4pk1/3B3p/1p3p2/1P2r2P/5KP1/5P2/8 b - - 3 36,e4d4 d6e5 g7f8 e5d4,1010,76,87,161,crushing endgame fork short,https://lichess.org/hJGVCKxe/black#72,,,4
cuDX8,1rbr2k1/pp3ppp/2p1p3/4N3/3PB3/PnP3Pq/1P2QP1P/1R2K2R w K - 7 20,e4g2 h3g2 e2f3 g2f3,1080,78,92,168,advantage hangingPiece middlegame short,https://lichess.org/0s99Fvgu#39,,,4
V0mew,1r5r/3b1pQp/p1Bkp3/2p5/5P2/P2PnN2/2P2RPP/Rq4K1 w - - 1 24,a1b1 b8b1 f3e1 b1e1 f2f1 e1f1,1130,87,94,523,kingsideAttack long mate mateIn3 middlegame,https://lichess.org/z3GQ1INH#47,,,6
H4M8l,5r2/5p1k/1qp2Qp1/2pprb2/p4R2/3P4/PPP3P1/R6K b - - 1 30,e5e6 f4h4 h7g8 h4h8,1127,79,92,437,killBoxMate mate mateIn2 middlegame short,https://lichess.org/EsXy0her/black#60,,,4
uu6uD,8/r1q2ppk/2p5/2p1p2p/P1PrP3/1Q5P/5PP1/RR4K1 w - - 3 32,b3b6 d4d1 b1d1 c7b6,1108,83,94,3460,advantage deflection endgame master short,https://lichess.org/35IsOxtN#63,,,4
SX8EZ,3R4/1r3pk1/1P2q1p1/4b3/4p3/6PP/5QK1/1R6 w - - 5 38,f2c5 e6a2 g2g1 a2b1,1019,78,72,119,crushing endgame fork short,https://lichess.org/m5xaoJMj#75,,,4
pJg1l,4q3/1p2p2k/p2p2bp/2pPb3/2P3P1/2NB3P/PP1Q4/6K1 w - - 2 27,d2e3 e5d4 e3d4 c5d4,1210,78,91,86,crushing endgame pin short,https://lichess.org/Vsl4EfY9#53,,,4
4DMHL,3rr1k1/p4pp1/1ppq1np1/8/2PPN3/3Q4/P5PP/4RRK1 b - - 6 22,d6d4 d3d4 d8d4 e4f6 g7f6 e1e8,1279,75,99,3411,advantage discoveredAttack kingsideAttack long middlegame,https://lichess.org/YuNPcXVF/black#44,,,6
JXBfZ,7k/p4pp1/2b1r2p/1pR5/3qN3/7P/2Q3P1/4R1K1 w - - 2 34,g1h1 c6e4 c5c8 h8h7,1227,76,86,284,crushing defensiveMove middlegame short,https://lichess.org/17wkZ1ck#67,,,4
bkK7W,8/1p4kp/p4Rp1/4r1P1/6q1/PB6/1PR5/1K6 b - - 1 36,g4g5 f6f7 g7h6 c2h2,1265,75,100,1320,advantage endgame short,https://lichess.org/K66ARShl/black#72,,,4
8XYwu,4r2r/nkp2p1p/1p1q1p2/pP1b4/P2PBP2/4PQP1/3N3P/2R2RK1 b - - 2 23,d5e4 d2e4 e8e4 f3e4,1160,124,69,17,crushing middlegame short,https://lichess.org/M9xUYHSi/black#46,,,4
EdHC5,r2qr1k1/p3bp2/1p2bR1Q/3pP1n1/3p4/1PN1B2P/1PP3P1/R6K b - - 1 22,e7f6 e5f6 d8f6 h6f6,1174,280,5,2,crushing middlegame short,https://lichess.org/2kthXVad/black#44,,,4
Azwdt,6rk/1p1n2rp/p1p1p1p1/P2pPpR1/NP1P1P1q/5R1P/3Q2PK/8 b - - 3 33,h7h6 g2g3 h4h3 h2h3,1239,79,92,2598,crushing middlegame short trappedPiece,https://lichess.org/BeZQXd9n/black#66,,,4
KdjCm,r1r5/P4p2/2pp2k1/3PnN2/4P1p1/4P1Pp/7P/R4RK1 b - - 3 36,c6d5 f5e7 g6g7 e7c8,1092,90,86,42,crushing endgame fork short,https://lichess.org/31tmiDuz/black#72,,,4
9ndln,r1bqk2r/p4ppp/1pnp1b2/4p3/4P3/1NN5/PPPQ1PPP/R3KB1R w KQkq - 0 10,e1c1 f6g5 f2f4 g5f4 d2f4 e5f4,1241,76,92,734,advantage long opening pin,https://lichess.org/r5vHrrY6#19,Sicilian_Defense Sicilian_Defense_Lowenthal_Variation,,6
m1ncL,2r2rk1/p4p2/1p1q1bpp/3B4/4Q3/8/PP3PPP/R2R2K1 b - - 0 25,f6b2 d5f7 f8f7 d1d6,1193,76,85,476,crushing discoveredAttack middlegame short,https://lichess.org/PGlVSy91/black#50,,,4
fpX7T,2r3k1/R4p1p/4n1p1/1p1pB3/6P1/3P1Q1P/5PK1/4q3 b - - 4 31,e1e5 f3f7 g8h8 f7h7,1066,76,100,217,endgame mate mateIn2 short,https://lichess.org/P9p3w85n/black#62,,,4
yDeyc,r1b2rk1/2p4p/p1n1pqp1/1p1pN3/3P3n/2PB4/PP1N1PPP/R2QR1K1 w - - 2 15,e5c6 f6f2 g1h1 f2g2,1030,78,66,105,kingsideAttack mate mateIn2 opening short,https://lichess.org/tuLzvVRH#29,Modern_Defense Modern_Defense_Other_variations,,4
jo9rH,1k6/1pp5/p1q4p/8/4N1QP/2P2K2/Pr5P/8 b - - 1 28,b2h2 g4g8 b8a7 g8g1 b7b6 g1h2,1145,78,94,8930,advantage endgame fork long,https://lichess.org/GH61WFfS/black#56,,,6
S26Z5,7k/1p4bp/p1p1n1p1/2Pp4/1P1P4/P6P/1B3r2/1BK1R3 b - - 0 29,e6d4 e1e8 f2f8 e8f8 g7f8 b2d4,1172,78,89,193,advantage endgame long,https://lichess.org/G7otLx7X/black#58,,,6
Md66f,2r4k/2p3bp/p1n1q1p1/1p3n2/4Bp2/1PP5/PB1P2PP/R2QR2K w - - 1 26,d1g4 f5g3 g4g3 f4g3,1098,88,95,1323,crushing kingsideAttack middlegame short,https://lichess.org/MhpsPdII#51,,,4
wOu9e,6k1/pp3p1p/1np1nq1P/6p1/4P3/PPN2PP1/3QN1K1/8 w - - 2 32,d2d6 e6f4 d6f4 g5f4,1199,87,91,1312,advantage endgame master short,https://lichess.org/lMI4QC46#63,,,4
Qmser,r6r/1ppkp1b1/3p3p/R2Np3/2P2qpQ/8/1P3PPP/R5K1 b - - 3 25,a8a5 h4e7 d7c6 e7c7,1285,76,96,27886,fork mate mateIn2 middlegame short,https://lichess.org/WrMxfkzc/black#50,,,4
qOlVm,8/5RP1/k1p5/3n4/6K1/8/p7/B3r3 w - - 10 49,g7g8q e1g1 g4h3 g1g8,1161,75,95,11728,crushing endgame fork short skewer,https://lichess.org/I8Sd68AH#97,,,4
6LEOD,1k6/1p1n1p2/p3p1q1/K1P5/7r/PQ3B2/1P3P2/3R4 b - - 1 34,d7c5 d1d8 b8a7 b3b6,1183,75,89,382,endgame mate mateIn2 short,https://lichess.org/cwfutD4Q/black#68,,,4
XI2sl,r6k/1p4rP/4p3/1b1p4/3R2P1/1Nq1P3/2P4Q/2K4R w - - 3 27,h2d2 a8a1 b3a1 c3a1,1252,75,88,264,mate mateIn2 middlegame sacrifice short,https://lichess.org/J1mpEtV4#53,,,4
tsYsQ,1R3bk1/5p1p/6p1/8/Pp5P/5PP1/r2r4/4RBK1 b - - 7 38,a2a4 e1e8 g8g7 e8f8,1270,82,76,86,advantage endgame short,https://lichess.org/hDOtpJKT/black#76,,,4
jLv9V,7r/4pk2/2p5/3p1P1p/p2P3P/4BQ2/1rq3P1/5RK1 b - - 1 30,h8g8 f3h5 f7f8 e3h6 g8g7 h6g7,1251,81,83,51,crushing endgame long,https://lichess.org/c5g3zIka/black#60,,,6
wQsMV,3r2kr/2pb2b1/ppn1q1Bp/4p1N1/4Q2R/2P1P1P1/PP3PP1/2K4R b - - 5 20,e6a2 g6f7 a2f7 g5f7,1190,76,96,3146,advantage fork middlegame short,https://lichess.org/7spsKoEL/black#40,,,4
18Qq1,2r2k1r/R1q2p2/2N1p2b/3pPp1p/2n2P1Q/2P4P/2P3P1/R1B4K b - - 6 28,c7c6 h4e7 f8g8 e7f7,1136,75,88,146,mate mateIn2 middlegame short,https://lichess.org/KLkVcZKQ/black#56,,,4
3yIvT,3rr3/pq3kpp/1p1bp3/2pn4/4N3/5PP1/PP1BQK1P/2R4R b - - 4 22,d6e5 e4g5 f7g8 e2e5,1255,78,67,63,advantage discoveredAttack middlegame short,https://lichess.org/tXNY8HuT/black#44,,,4
uLlTR,8/8/8/4p3/7p/2NK1PbP/5kP1/8 w - - 7 60,d3e4 f2g2 e4e3 g2h3,1156,107,69,21,crushing endgame master short,https://lichess.org/zPoQLnLx#119,,,4
2fDYc,b4rk1/R4N1p/1q4pb/1r1P4/4P3/1Q4P1/4B2P/5R1K b - - 0 26,b5b3 f7h6 g8h8 f1f8,1012,76,97,914,discoveredAttack hangingPiece mate mateIn2 middlegame short,https://lichess.org/r6ZSztsJ/black#52,,,4
LaY91,5rk1/ppp3p1/3p1b1p/3P1N2/2P2P2/qPr5/P1Q5/1K1R3R w - - 4 28,f5h6 g7h6 c2g6 f6g7,1214,79,70,63,advantage master masterVsMaster middlegame short,https://lichess.org/94zVSeqV#55,,,4
IQ1vN,r4r1k/4q1b1/1p1pB1PR/2pP1P2/2P5/4Q3/p1K5/8 b - - 0 28,g7h6 e3h6 e7h7 h6h7,1293,76,97,10664,endgame mate mateIn2 short,https://lichess.org/UHk1VqUc/black#56,,,4
S1vnD,r1b1k3/p2n1p2/2p2q1p/1p2p2r/4Pp2/1BPNbP2/PP1NQ1PP/R4R1K w q - 7 19,f1d1 h5h2 h1h2 f6h4,1164,76,100,615,attraction kingsideAttack mate mateIn2 middlegame sacrifice short,https://lichess.org/65hFv5tS#37,,,4
ah2In,1q6/2p2k2/Pb2Rp2/4pPp1/3pP1Pr/1B1P1KQ1/r4N2/8 b - - 10 53,a2a3 e6b6 a3b3 b6b8,1173,74,97,4362,crushing discoveredAttack discoveredCheck master middlegame short,https://lichess.org/jjJjN63r/black#106,,,4
spkxP,2k2b1r/p1p2B1p/2r1pnp1/p7/2NP2P1/4P3/PP3P1P/1R2K2R w K - 2 16,c4a5 f8b4 e1e2 b4a5,1034,74,98,5337,advantage fork middlegame short,https://lichess.org/UykqgUQX#31,Queens_Gambit_Declined Queens_Gambit_Declined_Marshall_Defense,,4
hVWLZ,3r1rk1/1p3p1p/p1pqn1p1/6b1/1P1P4/P2Q3P/1B1R1PP1/1B1R2K1 w - - 6 22,d2e2 e6f4 d3c2 f4e2,1094,77,88,159,crushing fork middlegame short,https://lichess.org/EZVlwGIR#43,,,4
1ts0E,1k4q1/1pp3r1/3p2r1/1p2p3/4P2b/2P1B1NP/PP2QPP1/R5KR w - - 15 28,g3f5 g6g2 g1f1 g2g1 h1g1 g7g1,1291,92,79,27,kingsideAttack long mate mateIn3 middlegame,https://lichess.org/D4Qra6Ba#55,,,6
XtT0p,r3qrk1/p1p1Bppp/2bp1N2/2b5/4P3/2P5/PP3PPP/R2QK2R b KQ - 1 13,g7f6 d1g4 g8h8 e7f6,1223,75,97,21717,intermezzo kingsideAttack mate mateIn2 middlegame short,https://lichess.org/hLxpyhWX/black#26,Three_Knights_Opening Three_Knights_Opening_Other_variations,,4
SbZpA,1r4k1/2b3p1/pp2pp2/5b1p/2NP4/2P1QP1P/PP4P1/R3RK1q w - - 3 32,f1e2 h1g2 e3f2 f5d3 e2d3 g2f2,1104,190,41,23,crushing deflection long middlegame,https://lichess.org/1FJY1Kt7#63,,,6
7skxW,2r2rk1/pp5p/4R1p1/4Q3/6P1/8/PPP2q1P/1K2R3 w - - 2 29,e6e7 f2c2 b1a1 c2c1 e1c1 c8c1,1131,94,52,43,backRankMate endgame long mate mateIn3 sacrifice,https://lichess.org/EapnhOUv#57,,,6
jHEIi,r5k1/5pp1/2p1q1bp/pp6/3pP2B/2P1P3/PP4QP/R5RK w - - 0 24,e3d4 g6e4 a1e1 e4g2,1017,88,89,138,advantage kingsideAttack middlegame pin short,https://lichess.org/x32fBT0E#47,,,4
0joHv,2kb3r/1b3q2/pB1pB2p/1p4p1/8/P4n2/1PP1QP1P/4R2K b - - 0 28,f7e6 e2e6 c8b8 e6d6,1020,76,99,905,advantage hangingPiece middlegame queensideAttack short,https://lichess.org/ef2DMT9N/black#56,,,4
k3vGA,6k1/2Q3p1/7p/4Ppq1/1Pp5/P3PR2/6PP/1B1r2K1 w - - 1 29,f3f1 g5e3 g1h1 d1f1,1009,80,88,296,backRankMate deflection endgame mate mateIn2 pin short,https://lichess.org/T9FzztMw#57,,,4
QqNmA,8/8/8/p2k1p1p/1K2p2P/P3P1P1/8/8 w - - 0 39,b4a5 d5c4 a3a4 c4d3 a5b6 d3e3,1279,74,98,1139,advantage endgame long pawnEndgame,https://lichess.org/W8kZS1F9#77,,,6
GraUB,1R5Q/5k2/q2p2p1/2p1p3/4Pb2/5Pp1/1P4K1/8 w - - 9 54,h8c8 a6e2 g2h3 e2h2 h3g4 h2h5,1258,77,93,108,endgame long mate mateIn3,https://lichess.org/aWUMH00B#107,,,6
Vuh6V,2rr4/pp4kp/2p3p1/2np2N1/8/2P4P/P1P2PP1/2KRR3 w - - 0 20,e1e7 g7f6 e7h7 f6g5,1118,82,90,1659,advantage defensiveMove endgame short,https://lichess.org/EG1ICHNs#39,,,4
UgGw3,2r3k1/q4pp1/4p2p/p7/Q7/1P5P/P4PP1/3R2K1 b - - 3 31,c8c2 d1d8 g8h7 a4e4 g7g6 e4c2,1290,82,57,91,crushing endgame fork long,https://lichess.org/6fDzKvkq/black#62,,,6
AzPRi,5rk1/1p4q1/4prp1/2Pp1nQ1/p2P1P2/P1P3PR/8/6KR b - - 4 31,g8f7 h3h7 f7g8 h7g7,1119,79,88,120,advantage middlegame pin short,https://lichess.org/OKzqAxzT/black#62,,,4
jefLu,1kr5/1p5p/2q1ppp1/3p4/3b2PP/pP1Q4/P1P2P2/1KBR4 w - - 0 33,d3d4 c6c2 b1a1 c2c1 d1c1 c8c1,1261,79,87,1276,deflection endgame long mate mateIn3 queensideAttack,https://lichess.org/vgAmEebb#65,,,6
HlAZ9,r3k1r1/pppqb1pp/8/3p2B1/2nP2b1/2N5/PPP2PPP/R3QRK1 w q - 7 13,g5e7 d7e7 c3d5 e7e1,1047,88,85,159,advantage middlegame short,https://lichess.org/21EIVoh7#25,Vienna_Game Vienna_Game_Max_Lange_Defense,,4
U602N,6rk/5Qpp/1p6/p6R/3q4/7P/PP4P1/7K b - - 4 31,d4b2 h5h7 h8h7 f7h5,1184,76,98,510,attraction endgame mate mateIn2 sacrifice short,https://lichess.org/p74deuJM/black#62,,,4
drgtI,2kr1b1r/1pp2ppp/p1p5/5q2/3P2bR/2N2N2/PPPB1PK1/R2Q4 b - - 3 19,d8d4 f3d4 g4d1 d4f5,1011,85,94,673,crushing hangingPiece middlegame short,https://lichess.org/0WXjIt1v/black#38,Ruy_Lopez Ruy_Lopez_Exchange_Variation,,4
kQcVM,8/1R6/5k1p/p4n1P/6p1/3K4/PP6/8 w - - 0 44,d3e4 f5d6 e4f4 d6b7,1045,83,71,66,crushing endgame fork short,https://lichess.org/NtPEZ9Vp#87,,,4
OD09v,r6k/5p2/5N1p/1p6/3n1P2/P2P3P/2PK1P2/6R1 w - - 0 30,d2c3 d4e2 c3b4 e2g1,1032,78,100,331,advantage endgame fork short,https://lichess.org/bCliDG39#59,,,4
sY9om,8/2k5/6p1/1P1P4/p3K2P/8/8/8 w - - 0 44,e4e5 a4a3 e5e6 a3a2 d5d6 c7d8,1258,76,94,1113,advancedPawn crushing defensiveMove endgame long pawnEndgame,https://lichess.org/VgnMjcwm#87,,,6
bGWPk,8/p2k4/1p1P4/8/2P2P1p/PPKR4/6r1/8 w - - 0 32,d3h3 g2g3 h3g3 h4g3,1103,83,84,271,crushing endgame rookEndgame short,https://lichess.org/n1xjtslu#63,,,4
Nly7g,2rr2k1/1p4p1/1b3pBp/1q1b3P/1P3BP1/3p1P2/1Q1R2K1/R7 w - - 2 38,g6d3 d5f3 g2g3 d8d3,1156,90,94,1259,crushing discoveredAttack master middlegame short,https://lichess.org/EN8nZWm0#75,,,4
TFqAN,r2br1k1/6p1/3p1p1p/p2N1P2/4q3/Pp3Q2/1P1R2PP/3R3K w - - 0 33,f3b3 e4e1 d1e1 e8e1,1129,79,67,96,backRankMate mate mateIn2 middlegame sacrifice short,https://lichess.org/A7HyLuww#65,,,4
rdqA6,4r1k1/ppp2p2/3p2Rp/3P4/5q2/P2QrP2/KPP5/6R1 b - - 0 26,f7g6 d3g6 g8h8 g6g7,1198,78,93,385,endgame mate mateIn2 short,https://lichess.org/7ZS7gmGx/black#52,,,4
ufLq7,5r1k/8/3pB2p/3P2b1/1q6/6Q1/P3RPP1/5K2 w - - 4 40,f1g1 b4b1 g1h2 g5f4 g3f4 f8f4,1090,76,86,2515,crushing endgame long pin,https://lichess.org/O2IfIQhq#79,,,6
7TdTN,4r1k1/1pp1qpp1/p1bbr2p/4N3/8/2P2N2/PPQ2PPP/3RR1K1 w - - 2 20,e5c6 e6e1 f3e1 e7e1 d1e1 e8e1,1096,78,94,272,kingsideAttack long mate mateIn3 middlegame,https://lichess.org/bxed9M0t#39,,,6
ojMLQ,8/5p2/8/5p1p/1k1Pp1pP/4P1P1/5P2/5K2 b - - 1 39,b4c3 d4d5 c3b4 d5d6 b4c5 d6d7,1018,82,82,50,advancedPawn crushing endgame long pawnEndgame quietMove,https://lichess.org/JMmzLq46/black#78,,,6
GSsiz,1r2n1k1/3n2bp/b5p1/3pP1N1/p4B2/P4Q2/2P2RPP/Rq4K1 w - - 2 24,a1b1 b8b1 f2f1 b1f1 f3f1 a6f1,1166,86,94,3022,crushing fork long middlegame,https://lichess.org/JfJMlVNP#47,,,6
kxpdv,2r1r2k/pq3p1p/4pPp1/2p5/3pR2Q/2P5/PP3PPP/1R4K1 b - - 2 25,e8g8 h4h7 h8h7 e4h4,1159,81,81,43,attraction endgame kingsideAttack mate mateIn2 sacrifice short,https://lichess.org/1ibmtl1b/black#50,,,4
ohD1h,8/8/8/5pk1/p2N2np/P1K5/1P4P1/8 w - - 2 45,c3b4 g4e3 b4a4 e3g2,1149,85,92,2324,crushing endgame knightEndgame master short,https://lichess.org/qL4dYXhV#89,,,4
gN3xT,1k6/8/2p3Pp/2p5/1p3P2/N3nK2/6P1/8 b - - 0 42,b4a3 g6g7 b8b7 g7g8q,1122,77,98,2678,advancedPawn crushing endgame knightEndgame promotion short,https://lichess.org/crDmYjxx/black#84,,,4
HhP4i,r5r1/p3Q3/1pp3kp/5q2/3BN3/1P6/P1P5/2K5 b - - 3 31,g8f8 e7g7 g6h5 e4g3 h5h4 g3f5,1263,78,93,271,crushing endgame fork long,https://lichess.org/sPRqWwbp/black#62,,,6
M2qYv,6r1/pp4k1/2p1Pp2/3p1p1p/3P1P1P/8/PP5K/6R1 b - - 2 32,g7f8 e6e7 f8e7 g1g8,1254,75,100,294,advancedPawn crushing deflection endgame rookEndgame short,https://lichess.org/snudSEeR/black#64,,,4
eIoeb,r4rk1/1p3pp1/7p/8/1q2Bb2/2B5/2Q2PPP/3R2K1 b - - 0 26,b4c4 e4h7 g8h8 c3g7 h8g7 c2c4,1165,76,64,143,advantage discoveredAttack long middlegame,https://lichess.org/ml05iIkS/black#52,,,6
gemFT,rq3rk1/1b1pbppp/n3p3/1Npn4/P3P3/5N2/1P1BBPPP/R2Q1RK1 b - - 0 14,d5f4 d2f4 b8f4 d1d7,1274,79,89,580,advantage discoveredAttack master masterVsMaster middlegame short,https://lichess.org/UE10Qq93/black#28,Benko_Gambit_Accepted Benko_Gambit_Accepted_Modern_Variation,,4
4ZL8d,8/r3r2p/1K4p1/pR6/P5P1/5Bk1/6P1/8 b - - 25 58,e7b7 f3b7 a7b7 b6b7,1296,76,86,464,crushing endgame master short trappedPiece,https://lichess.org/uMh06H9B/black#116,,,4
ugcQO,6k1/7p/3N2p1/2R5/r4n2/8/6PP/6K1 w - - 0 36,g2g3 a4a1 g1f2 f4d3 f2f3 d3c5,1216,76,93,300,advantage endgame fork long master,https://lichess.org/RNhZ3GPb#71,,,6
qrdi5,6k1/5pp1/4p2P/p1ppP1Q1/4bB2/P1P1P1K1/8/7q b - - 8 44,h1h6 g5d8 g8h7 f4h6,1017,77,89,323,crushing discoveredAttack endgame short,https://lichess.org/Vpvm0k5F/black#88,,,4
ewJhU,8/2R5/3p2p1/r2k2K1/5P2/2P5/8/8 b - - 5 44,a5c5 c7c5 d6c5 g5g6 d5c4 f4f5 c4c3 f5f6 c5c4 f6f7,1269,78,89,995,advancedPawn crushing endgame quietMove rookEndgame veryLong,https://lichess.org/5IsivCG6/black#88,,,10
wPB88,r3r3/p3pk2/6R1/qp1pPp2/2p5/2P5/PP1N2R1/3K4 b - - 2 27,e8g8 e5e6 f7f8 g6g8,1215,75,84,447,endgame mate mateIn2 short,https://lichess.org/U8k1g5NQ/black#54,,,4
4jmt2,8/2R2pp1/4p1kp/3pB3/3P2PP/3bPP2/6K1/5r2 b - - 4 34,f1e1 h4h5 g6h7 c7f7,1050,75,85,278,crushing deflection endgame master short,https://lichess.org/VxhCD7HA/black#68,,,4
rwES3,7r/p1pk1p1p/QP6/4P1p1/4npq1/B7/P1Pr2PP/1R3RK1 w - - 3 20,a6b5 c7c6 b5d3 d2d3,1152,83,94,2022,crushing defensiveMove middlegame short,https://lichess.org/dHFJC9l2#39,,,4
WmcAm,r2qk2r/1b2bppp/p3pn2/2p1N1B1/8/3P4/PPPN1PPP/R2Q1RK1 w kq - 6 12,f2f3 d8d4 f1f2 d4e5,1101,78,83,260,advantage fork opening short,https://lichess.org/GHgmKjDU#23,Sicilian_Defense Sicilian_Defense_Nyezhmetdinov-Rossolimo_Attack,,4
F90i8,q1r5/4kppp/8/3p1b2/1P1Pn3/4P3/P1Q2PPP/R4RK1 w - - 1 21,c2b3 e4d2 b3d1 d2f1,1040,390,0,2,advantage fork middlegame short,https://lichess.org/vIeD4Jex#41,,,4
mu5T3,rnb2r2/pp4pk/2p1pq2/3pn3/PP6/2N1Q3/2P2PPP/R1B1R1K1 w - - 0 16,e3e5 f6f2 g1h1 f2f1 e1f1 f8f1,1140,253,0,7,backRankMate long mate mateIn3 middlegame sacrifice,https://lichess.org/hx53AP6p#31,Caro-Kann_Defense Caro-Kann_Defense_Campomanes_Attack,,6
yS98t,4r1k1/5ppp/8/3P4/4Q1Pq/R7/2P2P2/6K1 b - - 11 39,e8e4 a3a8 h4d8 a8d8 e4e8 d8e8,1001,135,57,15,backRankMate endgame long mate mateIn3 queenRookEndgame,https://lichess.org/VAzW9w5i/black#78,,,6
OOxTi,Qbkr3r/B1qn1ppp/2p1p3/1P1p1b2/5P2/5B2/P5PP/RN3RK1 w - - 0 22,b5c6 c7a7 a8a7 b8a7,1251,76,93,5586,crushing opening short,https://lichess.org/4RLihiQT#43,,,4
OZItG,2rr2k1/1bqnbp2/p3p2Q/1p1n4/3N4/2P2N1P/PPB2PP1/R4RK1 b - - 0 19,c7f4 h6h7 g8f8 h7h8,1009,76,98,1526,kingsideAttack mate mateIn2 middlegame short,https://lichess.org/caQ21JWM/black#38,,,4
HS2fF,r1b2k1r/1p1q1p2/p2b1p1p/3N4/2BQ4/8/PP2RPPP/5RK1 w - - 4 18,d5f6 d6h2 g1h2 d7d4,1174,82,63,179,crushing discoveredAttack kingsideAttack middlegame short,https://lichess.org/FTYkZ8ih#35,Center_Game Center_Game_Kieseritzky_Variation,,4
D4WL3,3r3k/p5pp/1bQ1pq2/8/2P5/3B2P1/P4P1P/5RK1 b - - 2 29,d8d3 c6e8 f6f8 e8f8,1110,75,82,234,endgame mate mateIn2 short,https://lichess.org/GfeHcUBC/black#58,,,4
7Sn1k,1R3br1/3rkp1Q/3p3p/p1pbp1p1/3P2P1/7P/PB1q1P2/2R3K1 b - - 3 28,d2e2 h7g8 d7d8 b8d8 e7d8 g8f8,1243,85,91,3072,attraction capturingDefender crushing hangingPiece long middlegame,https://lichess.org/K7pI7unZ/black#56,,,6
I536S,6k1/8/3q3p/p5p1/2Pp1p2/1P2rP1P/P2Q2P1/3R3K w - - 0 45,d2d4 e3e1 d1e1 d6d4,1051,79,89,75,advantage deflection endgame master short,https://lichess.org/OZKTrDWL#89,,,4
btCem,r1bq4/1p3r1k/p2pP1R1/2pP2Bn/8/2Q4P/P7/4K3 b - - 2 25,d8e8 g6h6 h7g8 c3h8,1193,90,94,3614,fork mate mateIn2 middlegame short,https://lichess.org/U4TTKqs6/black#50,,,4
01GXf,r3k2r/pR2bppp/4p3/3N4/8/8/P4PPP/4R1K1 b kq - 0 20,e7f6 d5c7 e8f8 c7a8,1126,83,95,2015,crushing endgame fork short,https://lichess.org/iduwCdmp/black#40,,,4
PbEff,1r3k2/p1R2p2/2B1r3/8/8/2P5/P1P2PPP/4R1K1 w - - 1 30,e1e6 b8b1 e6e1 b1e1,1118,129,48,20,backRankMate endgame mate mateIn2 short,https://lichess.org/GzFrF8bD#59,,,4
vCUAP,rnbqk2r/ppppbp1p/4pnp1/6B1/2PPP3/8/PPQ2PPP/RN2KBNR b KQkq - 2 5,f6e4 g5e7 d8e7 c2e4,1289,78,86,1163,advantage intermezzo opening short,https://lichess.org/EHqLHatb/black#10,Indian_Defense Indian_Defense_Seirawan_Attack,,4
X3XXQ,2bR1rk1/5rpp/p7/1p1Q4/4P2P/8/1Pq2PP1/4R2K b - - 3 27,c2f2 d8f8 g8f8 d5d8,1167,76,97,5323,attraction mate mateIn2 middlegame pin short,https://lichess.org/NOK5OayU/black#54,,,4
zRFaX,8/p7/3kp3/5pR1/3P3P/4K3/6P1/r7 w - - 1 36,g5g3 a1a3 e3f4 a3g3,1213,83,73,117,crushing endgame master rookEndgame short,https://lichess.org/iQhwHtia#71,,,4
D1cWD,3r4/ppp1k1p1/1b1p1q2/3PP2Q/8/8/PP3PP1/4R1K1 b - - 0 31,d6e5 e1e5 e7d6 e5e6 f6e6 d5e6,1090,91,95,651,advantage endgame exposedKing fork long,https://lichess.org/w9qLjo5P/black#62,,,6
Inohl,rn2kb1r/1p2pppp/p7/3q4/6b1/5N2/PP1PBPPP/R1BQ1RK1 b kq - 3 9,e7e6 d1a4 b8c6 a4g4,1138,78,94,6628,advantage fork opening short,https://lichess.org/sID1VFv4/black#18,Caro-Kann_Defense Caro-Kann_Defense_Accelerated_Panov_Attack,,4
wZWhj,r2q1rk1/3p3p/np2p1nQ/p3P3/3P4/P7/2P2RP1/4NRK1 b - - 0 21,d8h4 f2f8 a8f8 f1f8 g6f8 h6h4,1184,76,97,2560,crushing kingsideAttack long middlegame,https://lichess.org/b8hj7YRa/black#42,,,6
oeEy6,8/R7/5k2/5p1P/8/4p1r1/8/5K2 b - - 1 50,f6g5 a7g7 g5f4 g7g3 f4g3 h5h6 f5f4 h6h7,1214,78,94,2197,advancedPawn crushing endgame rookEndgame veryLong,https://lichess.org/ucY4KncJ/black#100,,,8
8Ov2I,rn1qkbnr/1pp2pp1/p2p3p/4p3/P1B1P1b1/2N2N2/1PPP1PPP/R1BQK2R w KQkq - 1 6,c4f7 e8f7 f3e5 d6e5,1241,91,63,33,advantage hangingPiece opening short,https://lichess.org/osB1KuBt#11,Philidor_Defense Philidor_Defense_Other_variations,,4
CV2B9,2r2k2/5pb1/2r3p1/p7/3p4/3K2P1/PP3P2/2BRR3 w - - 1 27,e1e2 c6c1 d1c1 c8c1,1170,84,95,2942,crushing endgame short,https://lichess.org/2RhBfROB#53,,,4
Q9qqP,8/5r1k/4Q1pp/1p6/5P1P/pP3KP1/P1P1R3/5q2 w - - 5 45,f3g4 h6h5 g4g5 f7f5 e6f5 g6f5 e2e7 h7g8 g5g6 g8f8,1272,82,88,580,advantage endgame veryLong,https://lichess.org/uzv5qo3n#89,,,10
FDxQX,3r4/pb3pk1/1p1rp1p1/2p2nN1/8/2PP4/PP2BPP1/2KR3R b - - 1 20,d8h8 h1h8 g7h8 g5f7,1111,84,89,4123,attraction crushing middlegame short,https://lichess.org/lX40LZpF/black#40,,,4
SV7t2,r1b1k2r/1pqp1pp1/p3p3/2b1n2p/2P1N1n1/4PN1P/PP2BPP1/R1BQ1RK1 w kq - 2 11,e4c5 e5f3 g2f3 c7h2,1024,76,96,1090,clearance kingsideAttack mate mateIn2 opening short,https://lichess.org/RboK4oAu#21,Benoni_Defense Benoni_Defense_Benoni_Gambit_Accepted,,4
4kFCA,5rk1/5b1p/3p2p1/2qP4/3p4/5QP1/1P1R1PBP/6K1 w - - 5 32,f3e4 c5c1 g2f1 c1d2,1060,90,91,687,crushing endgame fork short,https://lichess.org/62vHBYEL#63,,,4
z0SbL,1k2r3/p1pR4/B1P5/8/1P3P1P/P1q2KP1/3R4/8 w - - 3 45,d2d3 c3c6 d7d5 c6a6,1235,75,100,467,advantage endgame fork master short,https://lichess.org/yiGHP7uH#89,,,4
8VILV,1n4k1/pp3p2/7p/2b3p1/8/3bp1P1/PPP3PP/R5KR w - - 0 26,c2d3 e3e2 d3d4 c5d4,1033,82,78,121,advancedPawn discoveredAttack discoveredCheck endgame mate mateIn2 short,https://lichess.org/AyeHX8Wx#51,,,4
M7hPZ,1r3rk1/5pp1/3bpn1p/p2pN3/3P4/2qB1QP1/P4P1P/R4RK1 b - - 1 21,d6e5 d3h7 f6h7 f3c3,1093,90,94,4232,advantage discoveredAttack middlegame short,https://lichess.org/68Oz8i1X/black#42,,,4
axCCT,r3k2r/pp1nbpp1/1qp1p1p1/3p2P1/1nPP1P2/1QN1P2P/PP1B4/R3KB1R w KQkq - 3 14,a2a3 b4d3 f1d3 b6b3,1275,75,79,674,crushing discoveredAttack middlegame short,https://lichess.org/DTULycOx#27,Slav_Defense Slav_Defense_Quiet_Variation,,4
ePCS0,3rr1k1/ppp3b1/4bq1p/8/2B2p2/2PQ4/PP3PPP/R3R1K1 w - - 1 21,c4e6 e8e6 d3d8 f6d8,1084,84,92,156,advantage middlegame short,https://lichess.org/MMRTOMp1#41,,,4
ZTi2X,2q4k/ppB3bp/2p3p1/2P4n/3P4/1QNB1P2/PP3P1K/R4b2 w - - 0 21,b3f7 c8h3 h2g1 h3g2,1182,75,100,538,mate mateIn2 middlegame short,https://lichess.org/e6rB0tLq#41,,,4
rt01G,r3n1k1/2p2pp1/4b2p/pq1pP3/2p2P2/2P1B3/PPB2QPP/R5K1 b - - 3 22,b5b2 c2h7 g8h7 f2b2,1032,93,94,653,crushing discoveredAttack middlegame short,https://lichess.org/Wd3U0Fbc/black#44,,,4
9vYAz,8/p1r5/2PR4/8/P5k1/4Kp2/8/8 b - - 1 46,g4g3 d6g6 g3h4 e3f3,1116,76,97,298,crushing deflection endgame rookEndgame short,https://lichess.org/PAi1Fk6t/black#92,,,4
5dg0i,7r/3k1p2/1b1p1p2/pP1KpP2/P3P2p/2P3PR/4B2P/8 b - - 0 39,h4g3 h3h8 g3g2 h8g8,1003,79,83,387,crushing endgame hangingPiece master short,https://lichess.org/LCJ5Pa57/black#78,,,4
UVk3W,r4r1k/p1R2B1p/1p2pb2/3bN3/5B2/6Q1/Pq3PPP/3R2K1 b - - 0 23,f6e5 f4e5 b2e5 g3e5,1043,75,100,702,fork mate mateIn2 middlegame short,https://lichess.org/BQ45lwYL/black#46,,,4
BI4P8,rk6/1pp2p2/2p2p1p/p2b4/5PB1/2P3K1/r1P3PP/R3R3 b - - 1 22,a2c2 e1e8 b8a7 a1a5,1007,78,96,1233,advantage endgame interference queensideAttack short,https://lichess.org/X1quLHmc/black#44,,,4
08Qm1,8/2pk4/P1r5/8/2N1p1p1/1PP1PnP1/8/R6K w - - 11 48,a6a7 c6h6 h1g2 h6h2 g2f1 h2h1,1123,80,91,8785,crushing endgame exposedKing long,https://lichess.org/8TTtTllA#95,,,6
5ZMVI,r4rk1/1p3ppp/pqp1p1b1/2RnN3/1n1P4/1Q4PP/1P1B1PB1/4R1K1 w - - 1 22,c5d5 b4d5 b3b6 d5b6,1157,77,98,999,advantage master middlegame short,https://lichess.org/Shn3sPah#43,,,4
Pidmw,8/3b4/8/1p1pkPp1/8/2P1KP2/8/5B2 b - - 0 44,e5f5 f1h3 f5e5 h3d7,1263,79,83,152,bishopEndgame crushing endgame short skewer,https://lichess.org/1WFeOAK4/black#88,,,4
r7D9B,6k1/1p4pp/8/1Q1p4/8/7P/P5PK/2q5 b - - 3 29,c1c6 b5c6 b7c6 a2a4 g8f7 a4a5 f7e6 a5a6 e6d7 a6a7,1295,133,86,11,advancedPawn crushing endgame queenEndgame quietMove veryLong,https://lichess.org/P89K9qrh/black#58,,,10
7KUD1,4r3/2p1n2k/1p2R1pp/p2p2P1/3n4/P6N/1PP2P1P/5RK1 w - - 0 26,e6e5 d4f3 g1g2 f3e5,1141,78,79,202,advantage endgame fork short,https://lichess.org/D7aHqXyZ#51,,,4
8kP5s,4r1k1/1pp2p2/1p4pp/3P4/1P4qn/P2Q4/2B2PPP/3R2K1 w - - 5 27,d3g3 g4d1 c2d1 e8e1,1169,75,58,107,endgame kingsideAttack mate mateIn2 sacrifice short,https://lichess.org/x8AhT9YZ#53,,,4
IPSk6,4r1k1/8/2p1pQp1/1p4Rp/p2P4/2P5/5P1K/1q6 b - - 1 42,e8f8 g5g6 b1g6 f6g6,1225,81,93,2932,crushing endgame short,https://lichess.org/ml4iTQkV/black#84,,,4
Sy0o1,1k6/1p6/4p2q/3pP3/pP6/P2P2Q1/4K3/8 b - - 6 40,b8a7 g3e3 h6e3 e2e3,1171,80,95,87,endgame master,https://lichess.org/2xBJ6q5a/black#80,,,4
YCCyG,2r3k1/4rpp1/p7/1p2pPQ1/4q2p/7P/PP4P1/K2R3R b - - 1 27,e7c7 d1d8 c8d8 g5d8 g8h7 d8c7,1129,90,94,339,advantage endgame fork long,https://lichess.org/E6GKS5TR/black#54,,,6
aqzY7,r4rk1/pp3ppp/3b1nb1/q2p4/8/2P1BN1P/PP1NQPP1/2KR3R w - - 3 16,f3h4 a5c3 b2c3 d6a3,1038,90,83,1441,bodenMate mate mateIn2 middlegame queensideAttack sacrifice short,https://lichess.org/N40XpX6J#31,Queens_Pawn_Game Queens_Pawn_Game_Accelerated_London_System,,4
tbgfG,6rk/6p1/p5Rp/1p5P/5Q2/5P2/Pq6/7K b - - 1 34,b5b4 g6h6 g7h6 f4h6,1233,75,100,666,endgame mate mateIn2 sacrifice short,https://lichess.org/NVUDvkc8/black#68,,,4
cAO46,3rr1k1/p2q1p1p/1p3Q1p/3p4/8/2P5/PP3PPP/3RR1K1 b - - 0 22,e8e6 e1e6 d7e6 f6d8,1089,84,91,6572,crushing endgame kingsideAttack short,https://lichess.org/QXBVisWm/black#44,,,4
GYa4d,rn2k2r/pbpp1ppp/1p2p3/8/2PPP2q/2P5/P2B2PP/R2QKBNR w KQkq - 1 9,g2g3 h4e4 e1f2 e4h1,1023,105,88,40,crushing fork opening short,https://lichess.org/jBwxj95v#17,Nimzo-Indian_Defense Nimzo-Indian_Defense_Other_variations,,4
3oOKf,r1b3q1/pppnkp2/4pb2/8/3P2r1/2PB1N2/PPQB1PP1/R3R1K1 w - - 3 18,g2g3 g4g3 f2g3 g8g3 g1f1 g3f3,1127,118,76,43,advantage fork long middlegame sacrifice,https://lichess.org/HXlXMcGh#35,French_Defense French_Defense_Two_Knights_Variation,,6
YFRe3,2kr1b1r/pp1npppp/2p2n2/q7/2PP4/2NQBB1P/PP3P2/R4RK1 b - - 6 14,d7e5 d3f5 e7e6 f5e5 a5e5 d4e5,1214,83,89,2864,advantage long middlegame,https://lichess.org/SAwUFwD1/black#28,Scandinavian_Defense Scandinavian_Defense_Mieses-Kotroc_Variation,,6
B95mw,2r3k1/5p1p/3p2p1/1Pq1b3/3N4/3Q3P/1B3PP1/3R2K1 w - - 4 33,d1c1 c5c1 b2c1 c8c1,1289,77,90,2091,crushing middlegame short,https://lichess.org/aGOpiJqX#65,,,4
55Dlt,6R1/8/7r/6p1/5p1k/5P2/6K1/8 b - - 7 56,h6d6 g8h8 d6h6 h8h6,1064,140,67,13,endgame mate mateIn2 rookEndgame short,https://lichess.org/n7tewC4C/black#112,,,4
wPtxs,3rqr1k/ppp1b1p1/2n2n1B/4p3/2B1p2N/N1P1Q1P1/PPK2P1P/7R b - - 0 16,g7h6 e3h6 f6h7 h4g6 e8g6 h6g6,1095,80,95,2191,advantage exposedKing fork long middlegame,https://lichess.org/YrxLZUk7/black#32,Nimzowitsch_Defense Nimzowitsch_Defense_Other_variations,,6
p8Rzv,r1bq1rk1/p4ppp/2pPp3/6b1/8/2NB4/PPP2PPP/R2QK2R b KQ - 0 12,d8d6 d3h7 g8h7 d1d6,1296,76,88,1026,crushing discoveredAttack kingsideAttack middlegame short,https://lichess.org/bp3fnML2/black#24,Sicilian_Defense Sicilian_Defense_Four_Knights_Variation,,4
QLil3,8/5p2/1p1k2p1/5n2/1P3P2/4K3/6BP/8 w - - 2 47,e3f3 f5h4 f3g3 h4g2,1045,79,85,77,crushing endgame short,https://lichess.org/SJpv2c8U#93,,,4
P0ZTQ,r2qk2r/ppp2ppp/3p4/4p3/2Bbn3/P2P1P2/1PP1N2P/R1BQK2R w KQkq - 0 11,e2d4 d8h4 e1f1 h4f2,1111,75,85,217,mate mateIn2 middlegame short,https://lichess.org/lZNnRYbw#21,Vienna_Game Vienna_Game_Stanley_Variation,,4
9IC5k,r1b4r/p1p1bkp1/2pq1n1p/8/2N1p3/2PPB3/PP3PPP/R2QK2R b KQ - 1 12,d6d3 c4e5 f7f8 e5d3,1173,74,94,8370,crushing fork middlegame short,https://lichess.org/RnC1SNEy/black#24,Italian_Game Italian_Game_Giuoco_Pianissimo,,4
AsxhI,4k2r/5pp1/3p1n1p/1Pp1p3/1n2P3/1B1PQN1P/1P3PP1/r3K2R w Kk - 0 20,b3d1 b4c2 e1d2 c2e3,1048,76,100,710,advantage middlegame pin short,https://lichess.org/d3fiWb9a#39,,,4
smQCL,7k/6p1/1r4N1/3R1P2/4p3/r3P1KP/1p6/8 b - - 1 46,h8g8 d5d8 g8f7 d8f8,1294,114,82,60,endgame hookMate mate mateIn2 short,https://lichess.org/yZXiYTC8/black#92,,,4
Fudn9,2k5/2P5/p1K5/8/5ppp/P4P2/6PP/8 w - - 0 53,f3g4 h4h3 g2h3 f4f3,1003,90,94,4065,crushing endgame pawnEndgame short,https://lichess.org/jOckznIq#105,,,4
cgceK,8/8/8/1p4Rp/2p4P/P2kr1K1/1P6/8 w - - 6 48,g3f2 e3e2 f2f3 e2b2,1261,75,63,278,crushing endgame rookEndgame short,https://lichess.org/0lTpkJ0N#95,,,4
sPMrk,5rk1/1q2np2/p1r2Qp1/1p3bPp/8/1BN5/PPP2P1P/2KR3R w - - 4 26,d1d6 c6d6 f6d6 b7h1,1175,76,99,1714,crushing discoveredAttack master middlegame short,https://lichess.org/MZgR72hp#51,,,4
8MNVV,2r5/1bR5/5qk1/QB1p3p/P3n1p1/1p2P3/5PPN/3R2K1 w - - 1 33,c7c8 f6f2 g1h1 e4g3,1247,75,84,181,mate mateIn2 middlegame short,https://lichess.org/yisVO50V#65,,,4
NCTcD,2k3r1/ppp2pq1/2b5/4pR1p/3rN2b/3B3P/PPP1Q1P1/5R1K b - - 15 24,d4e4 d3e4 c6e4 e2e4,1201,75,100,312,advantage middlegame short,https://lichess.org/mGXQUyEg/black#48,,,4
Nxu8C,2k4r/1bp2p2/1b2pq2/pQ1p4/7p/P2B1PP1/4N1KP/1R5R w - - 0 28,g3g4 h4h3 g2f1 f6f3 f1e1 f3h1,1201,81,93,963,crushing deflection fork long middlegame,https://lichess.org/m0O2asBU#55,,,6
ZHngV,r4rk1/5ppp/7q/p7/4Ppb1/1PNP2PP/P2K2Q1/2R3R1 w - - 0 26,h3g4 f4f3 d2c2 f3g2,1000,76,98,3168,advancedPawn crushing discoveredAttack discoveredCheck middlegame short,https://lichess.org/r41uW8E0#51,,,4
8djdX,r3r1k1/pb3p2/1pn1pqpp/8/1P1PN3/P2Q4/5PPP/1BRR2K1 b - - 1 22,f6g7 e4d6 e8d8 d6b7,1266,78,93,1574,crushing fork middlegame short,https://lichess.org/AwwS9WoX/black#44,,,4
Bex6O,r5r1/1ppq1p1k/p1pb1p1p/4p3/2P1P3/2NPQN1b/PP3PP1/R4R1K w - - 0 16,g2h3 d7h3 f3h2 h3g2,1086,76,94,769,kingsideAttack mate mateIn2 middlegame short,https://lichess.org/92z7PFjs#31,Ruy_Lopez Ruy_Lopez_Exchange_Variation,,4
H6LDx,r2qk2r/pp2pp1p/3p2p1/2N5/5P2/4B3/PbP1Q1PP/R4RK1 b kq - 0 13,d6c5 e2b5 d8d7 b5b2,1160,75,88,992,advantage fork middlegame short,https://lichess.org/jdNt9LX4/black#26,Sicilian_Defense Sicilian_Defense_Other_variations,,4
hSvLu,3r4/1p3pp1/p3k2p/3r4/3R2PP/5PK1/8/4R3 b - - 1 31,e6d6 d4d5 d6d5 e1d1 d5c5 d1d8,1056,82,88,813,attraction crushing endgame exposedKing long rookEndgame skewer,https://lichess.org/535DpPi3/black#62,,,6
fBpSJ,2r2r1k/ppq3pp/3bR1p1/3Q4/P7/5N1P/5PP1/3R2K1 b - - 0 28,c8d8 e6d6 d8d6 d5d6 c7d6 d1d6,1182,87,93,119,advantage long middlegame,https://lichess.org/oPqF3rtR/black#56,,,6
sgsBL,r5k1/pp2b1p1/2n2pQn/2pNp2P/8/1P2P2q/PBPP1P2/2KR4 b - - 0 18,e7f8 d5f6 g8h8 g6h7,1214,89,94,8115,kingsideAttack mate mateIn2 middlegame pin short,https://lichess.org/qkxouJGQ/black#36,Nimzo-Larsen_Attack Nimzo-Larsen_Attack_Classical_Variation,,4
s7auV,2kr3r/pp3pp1/2q1p3/2b5/6Q1/1P4P1/PBP2PK1/3R1R2 w - - 1 21,g4f3 h8h2 g2h2 c6f3 d1d8 c8d8,1278,76,69,91,crushing deflection long master middlegame pin,https://lichess.org/Zzmc27if#41,,,6
F6pdz,8/3r1k2/2q3p1/4Rp1p/1R5P/P3Q3/1P3Pb1/6K1 w - - 0 34,b4b6 d7d1 e3e1 d1e1,1028,75,98,580,crushing endgame short,https://lichess.org/J0CNyYut#67,,,4
w8n5e,5r1k/8/1p1Q1b1p/1P1P1p1q/3P2p1/5N2/6PP/3R2K1 b - - 5 31,g4f3 d6f8 h8h7 f8f6 f3f2 g1f2,1067,84,69,53,crushing endgame fork hangingPiece long,https://lichess.org/b9s8BLOK/black#62,,,6
fvml8,3r3k/R4QN1/4p1p1/6qp/8/5P2/5PKP/8 w - - 1 37,g2f1 d8d1 f1e2 g5d2,1162,82,95,708,endgame mate mateIn2 short,https://lichess.org/25fLJNl5#73,,,4
9BKTK,6k1/5pp1/4p2p/2N5/2rq4/7P/2Qp1PP1/3R2K1 w - - 2 37,c5b3 c4c2 b3d4 c2c1 g1f1 c1d1,1137,76,95,633,advantage endgame long pin,https://lichess.org/Px1rXlKv#73,,,6
ejZZ0,1k3r2/1p4pp/R2p4/5R2/1Q1nq3/7P/6P1/7K b - - 0 39,f8f5 b4d6 b8c8 a6a8,1111,76,84,230,endgame mate mateIn2 short,https://lichess.org/VrJ2KIyZ/black#78,,,4
oem5K,r3r1k1/2p1qpbp/p1n2pp1/1p6/1P1P2b1/P3PN2/2QNBPPP/R4RK1 b - - 3 14,c6d4 f3d4 g4e2 d4e2,1213,78,95,8637,crushing hangingPiece middlegame short,https://lichess.org/l3owgjPN/black#28,Trompowsky_Attack Trompowsky_Attack_Other_variations,,4
L7XR1,8/1p4pk/2p4p/1p2p3/1P1p1nPn/P2P1r2/2PB1P1K/4RR2 w - - 6 33,e1e5 f3h3 h2g1 h4f3,1037,81,100,1574,endgame mate mateIn2 short,https://lichess.org/pplUOBEe#65,,,4
ldLzH,8/4r1kp/5pb1/8/5Pn1/1PQ1K2P/P7/8 w - - 0 36,e3f3 e7e3 c3e3 g4e3,1132,77,98,1334,advantage endgame fork short,https://lichess.org/9RSpoyTt#71,,,4
1FAgX,8/8/8/Bp1p1b2/3P1P2/R1p1P3/P1r1k3/K7 w - - 0 43,a5c3 c2c1 a1b2 c1b1,1142,83,93,5292,endgame mate mateIn2 operaMate short,https://lichess.org/tlNgS0Mq#85,,,4
iDYg1,6k1/p4r1p/7K/6P1/2R5/8/8/8 b - - 4 43,a7a5 c4c8 f7f8 c8f8 g8f8 h6h7 f8e7 g5g6,1153,83,93,645,crushing endgame rookEndgame veryLong,https://lichess.org/mPUJl8ok/black#86,,,8
WFluQ,8/1R1k1p2/2rPb1p1/p3B1Pp/4PK1P/1p6/8/8 b - - 1 49,d7c8 d6d7 c8b7 d7d8q,1180,86,85,34,advancedPawn crushing deflection endgame master promotion short,https://lichess.org/UFR5MgXG/black#98,,,4
HHb49,r3r1k1/p3q1pp/2pb1p2/7Q/4N3/2PP4/P2B1PPP/4RK2 b - - 2 21,e7c7 e4f6 g7f6 e1e8 a8e8 h5e8,1183,75,100,542,advantage discoveredAttack kingsideAttack long middlegame,https://lichess.org/1VAYFsY3/black#42,,,6
MZKz7,5qr1/2k2p2/p1pbp3/3p2rQ/3P1N2/1P3RP1/P1P2P2/5RK1 w - - 5 26,h5g5 g8g5 f4e6 f7e6 f3f8 d6f8,1239,80,91,3649,advantage hangingPiece long middlegame,https://lichess.org/uJGSULA3#51,,,6
b1EIQ,8/1k2b3/8/PP2p3/1PK1N1p1/8/8/8 w - - 1 68,e4c5 e7c5 b4c5 g4g3,1024,78,96,1302,crushing endgame master masterVsMaster short,https://lichess.org/GBxT1h4K#135,,,4
ZxDGi,r3r1k1/p1p1qppp/3b1nb1/2p1N3/5B2/2N3Q1/PPP2PPP/R3R1K1 w - - 8 16,e5g6 e7e1 a1e1 e8e1,1208,77,77,94,backRankMate mate mateIn2 middlegame short,https://lichess.org/BsQlIGSW#31,Ruy_Lopez Ruy_Lopez_Berlin_Defense,,4
XE5XG,1b6/5ppk/p5p1/P2Q4/1P1Pp1P1/4Pq1P/5P2/4R1K1 w - - 1 39,d5d8 b8h2 g1h2 f3f2 h2h1 f2e1,1245,75,95,1989,attraction crushing deflection endgame fork long sacrifice,https://lichess.org/Mt6tumgu#77,,,6
6RNYk,2Q1R3/pp4pk/1q3pr1/7p/3N1n2/2P2P2/PP5P/7K b - - 1 30,g6g5 e8h8 h7g6 c8e8,1122,215,82,8,endgame mate mateIn2 short,https://lichess.org/6cgD8QX2/black#60,,,4
nYfyi,2kr2r1/pp3pp1/2p4p/P3p3/3N1q2/3Q3P/1P3PP1/R2R2K1 w - - 0 24,d4e2 d8d3 e2f4 d3d1 a1d1 e5f4,1128,79,94,1186,advantage kingsideAttack long middlegame,https://lichess.org/43u5sHhX#47,,,6
iPi6U,3r1bnr/1kp1p1p1/p1n1q3/5p1p/N6N/P2PB1Pb/1PPQ1P1P/2KR3R b - - 3 18,g8f6 a4c5 b7c8 c5e6,1252,104,100,38,middlegame,https://lichess.org/tzhuqhZP/black#36,Scandinavian_Defense Scandinavian_Defense_Mieses-Kotroc_Variation,,4
C3kWb,8/6B1/2P1k1K1/2r2P2/8/6P1/p7/8 b - - 0 49,e6e7 f5f6 e7e6 f6f7 c5c6 f7f8q,1299,75,91,744,advancedPawn crushing endgame long promotion,https://lichess.org/8djw7XJT/black#98,,,6
tBLhn,8/8/pB4p1/3k3p/P1n2P2/3K3P/8/8 w - - 2 47,b6d8 c4b2 d3e3 b2a4,1003,77,87,299,advantage endgame master short,https://lichess.org/Aoyl2qbU#93,,,4
m042I,r5k1/pR4p1/2n1p1p1/3pb3/7q/N5P1/P6P/2B2Q1K b - - 0 21,e5g3 f1f7 g8h8 f7g7,1000,81,94,1586,mate mateIn2 middlegame short,https://lichess.org/8JLFKgxb/black#42,,,4
BMUBb,2kr3r/pp2np2/4p1pp/q1p5/2nP1QPP/P4PB1/1P2N3/1K1R3R b - - 1 21,a5b6 f4b8 c8d7 d4c5,1190,77,95,877,advantage discoveredAttack discoveredCheck master middlegame queensideAttack short,https://lichess.org/N8zHGxiX/black#42,,,4
7oehe,2r1k3/1p3ppp/1P2p3/B3Pb2/2Pn4/3n1B2/6PP/3R1NK1 w - - 10 27,f3b7 d4e2 g1h1 d3f2,1120,77,96,3078,mate mateIn2 middlegame short,https://lichess.org/5XF8CkQG#53,,,4
3kKAe,3k4/3P1rp1/1p6/7K/p1P4P/P7/3R4/8 b - - 0 55,f7d7 d2d7 d8d7 h5g6 d7e7 g6g7,1063,103,47,34,crushing endgame long rookEndgame,https://lichess.org/hafXSKUE/black#110,,,6
8voEw,3r4/1p6/p3R3/4R3/2k5/8/P1P2PPP/6K1 w - - 3 29,e6b6 d8d1 e5e1 d1e1,1168,247,33,4,backRankMate endgame mate mateIn2 rookEndgame short,https://lichess.org/lFRaOnAt#57,,,4
H2UYi,rnbqk2r/pp3ppp/3p1n2/2p1p3/4P3/BPP3P1/P1P2PBP/R2QK1NR w KQkq - 0 8,c3c4 d8a5 d1d2 a5a3,1289,79,93,904,crushing fork opening short,https://lichess.org/3c2wpEQk#15,Vienna_Game Vienna_Game_Other_variations,,4
u1EVh,8/8/1pK5/p7/PP3k1p/7P/8/8 w - - 0 40,c6b6 a5b4 a4a5 b4b3 b6c7 b3b2,1143,98,94,722,advancedPawn crushing endgame long pawnEndgame,https://lichess.org/qU70DuKv#79,,,6
FgOO9,7k/pp5p/1n2qp2/2pp3r/5Q2/2NP2P1/PPP2PK1/R7 w - - 5 24,a1g1 e6h3 g2f3 h5f5 f4f5 h3f5,1187,85,94,13876,advantage endgame long pin,https://lichess.org/IjF8JGvF#47,,,6
Txbwb,3r2k1/pp3ppp/8/7n/6q1/1QP3P1/PP3R1P/6K1 b - - 0 24,h5g3 b3f7 g8h8 f7f8 d8f8 f2f8,1155,76,81,113,backRankMate endgame long mate mateIn3 sacrifice,https://lichess.org/yU0L36TV/black#48,,,6
9Gt3H,2B3k1/5ppp/p7/1p6/8/QP2q2n/P2N2PP/5RK1 w - - 3 26,g1h1 e3g1 f1g1 h3f2,1222,84,87,3814,endgame mate mateIn2 sacrifice short smotheredMate,https://lichess.org/fy4WGYes#51,,,4
cErjD,6k1/q4p1p/5Q2/1P2p3/4P3/4n1P1/6KP/2N5 w - - 3 35,g2h3 a7d7 f6f5 e3f5,1257,79,93,3878,crushing endgame short,https://lichess.org/Xv05QQaM#69,,,4
KqSlM,1q4k1/p1rr1p2/2R4p/5bp1/QP1b2P1/7P/3BBP2/2R3K1 b - - 0 32,f5e4 c6c7 d7c7 c1c7 b8c7 a4e8,1157,75,87,223,advantage long middlegame,https://lichess.org/VpJfWLr2/black#64,,,6
vxRaJ,8/6k1/p3rp1p/7P/1PbPr3/2P2RPK/3B1R2/8 w - - 5 38,f3f6 e6f6 f2f6 g7f6,1148,80,93,598,advantage endgame short,https://lichess.org/dW7ERMmC#75,,,4
VMjSQ,8/1P6/7p/K7/3n4/6P1/P6k/8 w - - 0 38,b7b8q d4c6 a5b6 c6b8 b6b7 b8d7,1014,77,100,138,crushing defensiveMove endgame fork long,https://lichess.org/vLOw8VxG#75,,,6
1sg2r,8/3n4/1P6/8/2pk3P/1P5K/6P1/4B3 w - - 0 57,b6b7 c4b3 b7b8q d7b8,1110,87,95,203,crushing endgame short,https://lichess.org/SjaPBBBe#113,,,4
Tgqek,3r4/4r1kp/p3Pp2/1p1p1B2/2p3P1/2P2K2/P2R4/8 b - - 4 39,g7h6 d2h2 h6g7 h2h7 g7g8 h7e7,1014,88,89,290,crushing endgame exposedKing long skewer,https://lichess.org/9vlidXLn/black#78,,,6
2ocQu,2r2rk1/p1qb1ppp/1p2pn2/1P1p4/3n4/PN1BPN1P/4QPP1/2R2RK1 w - - 0 18,c1c7 d4e2 d3e2 c8c7,1152,76,94,2532,advantage intermezzo middlegame short,https://lichess.org/oSjgRw9h#35,Indian_Defense Indian_Defense_London_System,,4
4psaU,r1bqk2r/pppn1ppp/4p3/8/1b1Pn3/2NQB3/PPP1N1PP/R3KB1R b KQkq - 3 8,d7f6 d3b5 c8d7 b5b4,1105,83,93,451,advantage fork opening short,https://lichess.org/6c03TmmO/black#16,French_Defense French_Defense_Alapin_Gambit,,4
gBF7s,5b2/3q3k/5Q1p/4pN2/pp2P1P1/1P1r1P1R/1P6/1K6 w - - 0 42,h3h1 d3d1 b1a2 d1h1,1183,102,100,19,crushing endgame short,https://lichess.org/iHJM5SVz#83,,,4
GqwRo,5r2/1Q1n2kp/3p2p1/3Np3/1P2P3/5pPq/5b1P/3RN1RK w - - 0 33,e1d3 f2g1 d1g1 f3f2,1232,88,92,308,advancedPawn advantage middlegame short,https://lichess.org/583luKKy#65,,,4
wWlf1,6r1/1pp4k/1p2r3/4pq1P/1PPpR1p1/P2P4/3Q1PK1/6R1 b - - 1 37,f5h5 g1h1 h5h1 g2h1,1092,85,87,169,advantage endgame pin short,https://lichess.org/jqZ07nvp/black#74,,,4
Ms5oN,5nk1/3qb1r1/2p2p2/rpPp1P2/3P2N1/P1N5/4QP2/R4R1K b - - 0 24,d7f5 g4h6 g8h8 h6f5,1010,78,93,445,crushing fork master middlegame short,https://lichess.org/kgO2FmAL/black#48,,,4
FQOSJ,8/8/8/4bN1p/1kp4P/6P1/2K5/8 w - - 4 56,g3g4 h5g4 f5e3 g4g3,1253,78,86,129,crushing endgame short,https://lichess.org/SQQoLxEZ#111,,,4
27Yca,1k4rr/pp4b1/1q3p2/4pQ2/3p4/2P2P2/PP1B2PP/2R2RK1 w - - 1 23,b2b3 d4c3 d2e3 b6e3,1092,75,85,223,crushing discoveredAttack discoveredCheck kingsideAttack middlegame short,https://lichess.org/zPBRc6uL#45,,,4
Z5WCc,r4rk1/1p3ppp/1q1p1n2/pP3b2/1nP5/1Q2PN2/3P1PPP/RN2KB1R w KQ - 2 14,f1e2 b4c2 b3c2 f5c2,1099,79,86,130,advantage fork middlegame short,https://lichess.org/1QmVxB1o#27,Polish_Opening Polish_Opening_Other_variations,,4
X5AkM,3R3b/3R1n1p/5Pk1/p5P1/8/1rp5/2K5/8 b - - 1 43,b3b5 d8g8 g6f5 d7f7,1161,76,96,340,crushing deflection endgame short,https://lichess.org/teMhEA9I/black#86,,,4
9mRZF,r2qrb2/p4p1k/4p1P1/1p1pP1P1/2p5/2P1P3/PPB2P2/R3K2R b KQ - 0 21,h7g7 h1h7 g7g8 g6f7,1175,87,93,14868,advancedPawn mate mateIn2 middlegame short,https://lichess.org/QUEB67Tj/black#42,,,4
wRuZP,3Q4/p4pkp/8/3P4/7P/3b2P1/P1rq1PB1/5RK1 w - - 3 26,d8g5 d2g5 h4g5 d3f1,1181,79,95,10233,advantage endgame master short,https://lichess.org/i0PFkKUT#51,,,4
LzQIL,3r1k2/5ppp/p5q1/2pBQ3/2Pr4/1P4P1/P6P/4R1K1 b - - 8 30,h7h6 e5e7 f8g8 e7d8,1158,77,96,8022,crushing endgame fork short,https://lichess.org/BfQiw9zU/black#60,,,4
lHyZZ,r1b2r2/pp2k3/3Npn2/2Pp2Q1/5R2/8/P1P1KPP1/q4B2 b - - 4 19,a1c3 g5g7 f8f7 g7f7,1279,81,93,1222,crushing middlegame short,https://lichess.org/PzZn20kv/black#38,,,4
kKCGC,r2q1rk1/pbp3pp/1p3p2/3P4/6P1/1Q3B1P/PP3P2/R4RK1 b - - 2 19,d8d7 d5d6 g8h8 f3b7,1083,82,83,742,crushing discoveredAttack discoveredCheck middlegame short,https://lichess.org/Qv0JtZvE/black#38,English_Opening English_Opening_Kings_English_Variation,,4
qEfGW,r5k1/6pp/1p6/p1p5/P1PqPQ2/3P4/6PP/5R1K b - - 3 27,d4d3 f4f7 g8h8 f7f8 a8f8 f1f8,1044,77,88,190,backRankMate endgame long mate mateIn3 sacrifice,https://lichess.org/4MGUMaBU/black#54,,,6
Lhvjk,rnbqk1r1/ppp4p/3b1p2/3p4/4n3/1P2P2P/PBP2PP1/RN1QKBNR w KQq - 0 9,d1d5 d6b4 c2c3 d8d5,1088,78,87,943,crushing discoveredAttack middlegame short,https://lichess.org/y3SKdTMh#17,Vant_Kruijs_Opening Vant_Kruijs_Opening_Other_variations,,4
WgHpT,2r1r1k1/2n2qpp/pQb1p3/3pB3/p2P4/6PB/1P2NP1P/2R3K1 b - - 1 28,c7b5 c1c6 c8c6 b6c6,1008,87,93,515,advantage master middlegame short,https://lichess.org/P7AyaT3Z/black#56,,,4
O3XgQ,2k4r/p1P3q1/1p1P4/4p3/1P2Bp2/7p/P2B1Qr1/R3R2K w - - 1 34,e4g2 h3g2 h1g1 h8h1,1102,93,94,100,advancedPawn discoveredCheck doubleCheck mate mateIn2 middlegame short,https://lichess.org/i2zJlgOH#67,,,4
JxU76,rnb2bnr/3pk1p1/1q2pp2/1N2P2B/7p/7P/PPP2PP1/R1BQ1RK1 b - - 0 12,b6b5 d1d6 e7d8 d6f8,1060,78,97,7294,crushing deflection opening short skewer,https://lichess.org/EPNUPXwC/black#24,Sicilian_Defense Sicilian_Defense_Other_variations,,4
R0gND,2kr1b1r/pp3ppp/2n2q2/3p4/4bB2/2P5/PP1NQPPP/2KR1B1R w - - 6 13,f4g3 f6c3 b2c3 f8a3,1298,81,92,2738,bodenMate mate mateIn2 opening queensideAttack sacrifice short,https://lichess.org/UcdwdZvl#25,Petrovs_Defense Petrovs_Defense_Stafford_Gambit,,4
bKmpc,8/4p2p/6p1/1rkp4/5P2/3K4/6PP/1R6 w - - 0 35,b1b5 c5b5 d3d4 b5c6,1188,78,88,303,crushing defensiveMove endgame short,https://lichess.org/Wdr9ucNe#69,,,4
XMUTU,1r4k1/1r4p1/pnq1pn1p/2P1p3/1R1pP3/3P1NNP/2Q2PP1/1R4K1 b - - 0 27,b6d7 b4b7 b8b7 b1b7 c6b7 c5c6,1250,76,83,520,crushing long middlegame,https://lichess.org/vi6XRUoG/black#54,,,6
9VFFY,5qk1/Q6p/1p1p4/2pP4/2P1p3/2P1n3/P5P1/4B1K1 w - - 0 28,a7b6 f8f1 g1h2 f1g2,1131,76,100,834,endgame fork mate mateIn2 short,https://lichess.org/xSVUJVKH#55,,,4
QzEpm,1k5r/pp3ppp/1p2p1q1/8/5P2/3r1BP1/PPQ4P/2R3K1 b - - 3 26,d3f3 c2c7 b8a8 c7c8 h8c8 c1c8,1091,87,92,1269,backRankMate endgame long mate mateIn3 sacrifice,https://lichess.org/dwftL3jJ/black#52,,,6
ybQgw,5r2/5p1k/2p2P1p/1p3N1R/p7/6PK/Pr5P/8 b - - 1 36,b2a2 h5h6 h7g8 f5e7,1056,76,84,94,endgame master mate mateIn2 short,https://lichess.org/9cQhGlJ4/black#72,,,4
ow5AU,3r3k/4R1pp/8/1p1b4/2p2rNP/5P2/1P4PK/4R3 w - - 0 30,e7d7 d8d7 e1e8 d5g8,1011,82,92,1713,crushing endgame hangingPiece master short,https://lichess.org/it7kr9Al#59,,,4
j9Jvk,8/8/8/8/P5kP/2pr4/2R3K1/8 w - - 2 55,a4a5 d3d2 c2d2 c3d2,1173,79,94,496,advancedPawn crushing endgame rookEndgame short,https://lichess.org/gl2ulCVR#109,,,4
6bDda,8/1p2k3/p7/P5p1/1P1KP3/8/8/8 b - - 1 49,g5g4 d4e3 e7f6 e3f4 f6e6 f4g4,1238,75,100,584,crushing endgame long pawnEndgame,https://lichess.org/pYNNClBX/black#98,,,6
BbSTw,r7/p5pk/1p2n2p/2pN4/2n2B2/P1N5/1P5P/1K3R2 w - - 0 27,d5e3 c4d2 b1c2 d2f1,1038,86,81,115,crushing fork middlegame short,https://lichess.org/uWL00bxT#53,,,4
pCpuP,r3k2r/pp3ppp/1b6/3RP3/1n3B2/5N2/PP4PP/2K4R w kq - 1 16,d5b5 b4d3 c1b1 d3f4,1265,77,82,315,crushing fork master middlegame short,https://lichess.org/yLOAGfJh#31,Scandinavian_Defense Scandinavian_Defense_Other_variations,,4
pY6OI,1Q3b1r/p4pp1/2q1k1p1/4p1Pn/1B6/7P/PPP1PP2/2KR3R w - - 2 23,d1d6 f8d6 b8d6 c6d6 b4d6 e6d6,1165,76,90,367,advantage long middlegame,https://lichess.org/clFxHp92#45,,,6
jSRpq,rn1q1rk1/ppp2pBp/3p2p1/8/6b1/2P2N2/PPPQ1PPP/R3KB1R b KQ - 0 10,g8g7 d2d4 g7g8 d4g4,1118,137,82,23,crushing fork middlegame short,https://lichess.org/VzFZhROG/black#20,Russian_Game Russian_Game_Nimzowitsch_Attack,,4
m2P80,r1bq1rk1/ppp1n1bp/3p1np1/3Pp3/2P1NP2/6P1/PP4BP/R1BQNR1K b - - 0 13,c8g4 e4f6 g7f6 d1g4,1031,85,98,3809,crushing kingsideAttack opening short,https://lichess.org/NNz5nC8N/black#26,Kings_Indian_Defense Kings_Indian_Defense_Fianchetto_Variation,,4
iiiiM,rn1q4/1Qp3pp/p7/1p2rk2/5N2/1B6/PPPP1bPP/R1B2RK1 w - - 0 15,f1f2 e5e1 f2f1 d8d4 g1h1 e1f1,1232,75,60,480,backRankMate deflection long mate mateIn3 middlegame,https://lichess.org/76a5hPr1#29,Petrovs_Defense Petrovs_Defense_Three_Knights_Game,,6
uN8de,2r3k1/6pp/8/3q4/p1p2P2/P1Q3P1/6KP/2R5 w - - 1 40,c3f3 d5d2 g2h3 d2c1 f3d5 g8h8,1267,76,93,2003,crushing endgame fork long,https://lichess.org/f7RRpHKJ#79,,,6
nrzhS,r1q1r1k1/p1p2p1p/1n4p1/2p1R3/2P5/1PN5/P3QPP1/3R2K1 b - - 0 25,b6d7 e5e8 c8e8 e2e8 a8e8 d1d7,1141,85,81,164,crushing fork long middlegame,https://lichess.org/hT4Orq0a/black#50,,,6
ZHNwQ,3k4/3R2pp/4p3/2b1Nb2/1p3P2/5B2/2r2P1P/6K1 b - - 8 32,d8c8 f3b7 c8b8 e5c6,1090,76,89,208,endgame mate mateIn2 short,https://lichess.org/Rn88MbQ8/black#64,,,4
zAgRu,1r2k2r/p3bRp1/2N1p2p/3p4/2pPb1P1/q1P1B2P/P7/R4QK1 b k - 0 22,b8b2 f7e7 a3e7 c6e7,1278,131,82,9,advantage master middlegame short,https://lichess.org/zrEi8K44/black#44,,,4
iIjIs,4r3/2Q2pkp/1p4p1/p7/2P1q3/1P5P/4rPP1/1R2R1K1 w - - 2 32,e1e2 e4b1 g1h2 e8e2,1285,76,85,465,crushing discoveredAttack endgame hangingPiece short,https://lichess.org/Mlxx63HW#63,,,4
aLRE4,rnb1k2r/pp3ppp/4pn2/2b5/3N4/4BB2/PPP2PPP/RN2K2R b KQkq - 2 9,b8c6 d4c6 c5e3 f2e3,1281,77,85,799,crushing opening short,https://lichess.org/WCNYUo9a/black#18,French_Defense French_Defense_Schlechter_Variation,,4
uB6oi,7r/rkpq1b2/2p2p2/1pQ1pPp1/2P3p1/1P1P1P1P/1B6/1K1R3R w - - 0 28,h3g4 h8h1 d1h1 d7d3,1260,78,93,1182,crushing middlegame short,https://lichess.org/wPb2yPhn#55,,,4
FxUon,r1N2k1r/pp3ppp/2n1p3/4P3/3P4/8/P4PPP/q1BQ1RK1 b - - 0 15,a8c8 c1a3 f8g8 d1a1,1030,80,71,268,crushing discoveredAttack middlegame short,https://lichess.org/d5TG4LJP/black#30,Sicilian_Defense Sicilian_Defense_Delayed_Alapin_Variation,,4
hVKKR,r4bk1/p6p/2p3p1/2n1q3/2P5/5Q2/P3BRPP/R5K1 w - - 0 27,f3c6 e5a1 f2f1 a1d4,1239,79,55,221,advantage hangingPiece middlegame short,https://lichess.org/NTp501mU#53,,,4
fZBRr,7r/6k1/3n1p2/2pPp1p1/1pBq2P1/4NPQ1/P5K1/4R3 b - - 0 47,d6c4 e3f5 g7f8 f5d4,1042,80,80,108,crushing endgame fork short,https://lichess.org/8oIJSywl/black#94,,,4
m8Rwn,3rr2k/1pp1P1pp/p5q1/3Q1Rb1/2N1p3/BP6/P1P3PP/R6K b - - 0 24,d8d5 f5f8 e8f8 e7f8q,1161,77,88,86,advancedPawn kingsideAttack mate mateIn2 middlegame promotion short,https://lichess.org/KDcJA4pb/black#48,,,4
orrBW,8/7p/2k5/2P2p2/3K3r/4p3/5P2/4R3 w - - 0 44,d4e3 h4e4 e3d2 e4e1,1259,75,100,325,crushing endgame rookEndgame short,https://lichess.org/goKt6CtI#87,,,4
mDzn0,2rqr1k1/pb1Nbpp1/1p2pn1p/8/2Pp1B2/2NQP3/P4PPP/1BR2RK1 b - - 0 15,d4c3 d7f6 e7f6 d3h7,1285,77,82,364,advantage kingsideAttack opening short,https://lichess.org/TWVAtIG1/black#30,Queens_Gambit_Declined Queens_Gambit_Declined_Harrwitz_Attack,,4
QEq5S,8/3QRpk1/6pp/p2pp3/8/2P2PPK/2q2n1P/8 w - - 12 46,h3h4 g6g5 h4h5 c2g6,1201,153,54,16,endgame mate mateIn2 short,https://lichess.org/1n4wuGep#91,,,4
vxnMh,4Q3/5pkp/5pp1/8/5qn1/P7/1P3P2/R5K1 w - - 1 36,e8e2 f4h2 g1f1 h2h1,1039,75,97,1089,endgame mate mateIn2 short,https://lichess.org/NAc4ASIn#71,,,4
5Vu8y,5r1k/2p2p2/p2p4/1p1PpQR1/8/P1PP4/1P1K1P2/n6q b - - 15 30,f7f6 g5h5 h1h5 f5h5,1030,75,88,705,advantage endgame fork short,https://lichess.org/3M1yyoLt/black#60,,,4
IyhDP,r2q2r1/1b2bpk1/p4B1p/3pN3/1p6/1Pp1P3/P1Q2PPP/1BR2RK1 b - - 0 22,e7f6 c2h7 g7f8 h7f7,1261,80,93,150,mate mateIn2 middlegame short,https://lichess.org/aKkvBY7S/black#44,,,4
7xq4g,3r2k1/5pp1/5q2/2RP3p/8/3Q1NP1/5PKP/8 w - - 1 31,c5c6 f6c6 d5c6 d8d3,1204,76,85,968,advantage endgame short,https://lichess.org/aPPFQJAy#61,,,4
lqt8y,3r2k1/p1p1p1b1/1pP2r1p/3P4/4B3/5P2/PPK5/3R3R b - - 2 29,e7e6 d5e6 d8d1 h1d1,1199,74,88,1215,crushing endgame short,https://lichess.org/C0CGjwI7/black#58,,,4
fBq58,3r2k1/4R3/3p1rp1/8/2q5/2Pn2PQ/P4B1P/6K1 b - - 0 36,d3f2 h3h7 g8f8 h7g7,1145,90,100,39,endgame mate mateIn2 short,https://lichess.org/xFGhCeOW/black#72,,,4
8qBvf,8/p3qpk1/6p1/4b3/1P1pB1Qr/B2P2p1/P5P1/1R3RK1 w - - 8 27,g4f3 h4h1 g1h1 e7h4 h1g1 h4h2,1192,79,82,636,attraction long mate mateIn3 middlegame sacrifice,https://lichess.org/MfrMZvIg#53,,,6
6EB9d,4r1k1/p4pp1/1p3r1p/6q1/3P1n2/P3R1P1/1P3P1P/1BR2QK1 b - - 0 28,e8e3 c1c8 e3e8 c8e8,1062,83,96,883,kingsideAttack master masterVsMaster mate mateIn2 middlegame pillsburysMate short,https://lichess.org/GUR9SUd1/black#56,,,4
fcUOR,8/8/2K2p2/p6p/7P/P1P5/1P4k1/8 w - - 0 42,c6b5 f6f5 c3c4 f5f4 b5a5 f4f3,1146,86,93,1407,crushing endgame long pawnEndgame quietMove,https://lichess.org/8BJHmhd6#83,,,6
liugO,r5k1/p4ppp/2pb1q2/2Np2r1/1P4Q1/2P5/P1B2PPP/R4RK1 w - - 3 19,g4h4 g5g2 g1g2 f6h4,1298,77,67,127,advantage discoveredAttack kingsideAttack middlegame short,https://lichess.org/IvcfUFkH#37,,,4
Vcbdk,4k3/pR4pp/2p1pr2/q1Pp4/3P4/P2Q2P1/6PP/6K1 w - - 4 25,h2h3 a5e1 g1h2 f6f1 d3f1 e1f1,1176,86,52,47,advantage endgame long quietMove,https://lichess.org/cQTiBbN7#49,,,6
gdqHx,4r1k1/pp3pp1/2p3qp/3n1N2/1P1P4/P6P/2Q2PP1/3R2K1 w - - 0 26,c2d3 d5f4 f5e7 e8e7,1262,81,73,108,crushing endgame short,https://lichess.org/LClW4pJj#51,,,4
Qt5up,2kq1Q2/2p5/p3K2p/8/3PP3/8/8/8 w - - 6 43,f8h6 d8d6 e6f5 d6h6,1205,106,33,37,crushing endgame queenEndgame short skewer,https://lichess.org/QvcjALD5#85,,,4
qsTQy,2Q5/1R6/6p1/kP2p3/4P3/6b1/8/1K5q w - - 0 43,c8c1 h1e4 b1a1 e4b7,1097,75,98,615,advantage endgame fork short,https://lichess.org/WGp2DxdK#85,,,4
KeRqU,3k4/1p3Rpp/p1r5/3pP3/6r1/1P6/PK6/3R4 b - - 2 33,c6c7 d1d5 d8e8 f7c7,1176,84,94,17962,crushing deflection endgame rookEndgame short,https://lichess.org/22KN9wua/black#66,,,4
pzrLS,r5k1/pp5p/6p1/2pPnp2/B4b2/2N1q2P/PP3Kn1/R4QR1 w - - 4 25,f2g2 e3g3 g2h1 g3h2,1082,80,90,1587,mate mateIn2 middlegame short,https://lichess.org/ZpNJ7IkH#49,,,4
3chhj,r4rk1/1p3ppp/8/p1q2N2/8/2PQP1P1/PP3PP1/2K4R b - - 0 19,a8d8 f5e7 c5e7 d3h7,1142,78,91,479,discoveredAttack endgame kingsideAttack mate mateIn2 sacrifice short,https://lichess.org/4PxnTyNU/black#38,,,4
5LgNz,r1bk1b1r/pp1ppQpp/2n5/3N4/2q5/8/P1P3PP/5R1K b - - 0 16,e7e6 f7f8 h8f8 f1f8,1245,75,82,165,mate mateIn2 middlegame short,https://lichess.org/Er3nueO9/black#32,Indian_Defense Indian_Defense_Other_variations,,4
RFvpr,8/2b2kp1/8/p1Rp1P2/p2P4/2P5/7p/7K w - - 2 44,c5d5 a4a3 d5c5 a3a2,1180,77,91,1088,advancedPawn crushing endgame short,https://lichess.org/emDbXSlw#87,,,4
nfZ1i,5Bk1/p5pp/2Q1p3/4Pb2/6qr/4PpP1/PP3P2/3R1RK1 w - - 0 30,d1d8 h4h1 g1h1 g4h3 h1g1 h3g2,1281,79,88,245,attraction fork long mate mateIn3 middlegame sacrifice,https://lichess.org/QyeXzx7V#59,,,6
X3zqp,8/4qp1k/6pp/3P4/2P5/r2B2QP/6PK/8 b - - 0 32,a3c3 d3g6 f7g6 g3c3,1082,77,88,671,advantage discoveredAttack endgame master short,https://lichess.org/sv2lOPO4/black#64,,,4
n7FuN,8/p2knp1p/2pp3r/2p5/7P/4R1N1/PPP2P1P/5K2 b - - 9 28,h6h4 e3e7 d7e7 g3f5 e7f6 f5h4,1181,78,91,3086,advantage attraction endgame fork long sacrifice,https://lichess.org/mw8x2ICM/black#56,,,6
pczYj,6n1/pp1P2k1/4p1p1/6Q1/8/P4r1P/1P2q3/3R2K1 w - - 0 30,d7d8q e2f2 g1h1 f3h3,1279,75,98,2124,endgame mate mateIn2 short,https://lichess.org/zBifF8Z6#59,,,4
UANVD,1r6/p1pkn3/3p2r1/7p/5Qb1/4P1P1/PPPK4/5R2 b - - 6 28,g6e6 f4a4 e7c6 f1f7 e6e7 f7e7 d7e7 a4c6,1267,75,66,139,endgame,https://lichess.org/WojzPa5d/black#56,,,8
LssKr,3r1rk1/pp4b1/4p1pp/8/8/2P2N2/PP3PPP/3R1RK1 w - - 1 22,g2g3 d8d1 f1d1 f8f3,1275,90,93,1752,advantage endgame short,https://lichess.org/eGO2fhTB#43,,,4
715gA,2r2k2/2N1pp2/3p2p1/1N1P4/PR2P1pP/2b3P1/3n1PK1/8 w - - 4 30,c7e6 f7e6 b5c3 c8c3,1054,80,69,68,advantage endgame master short,https://lichess.org/PHjJz38G#59,,,4
yUoiv,2r1k2r/pp2nppp/4p3/3pP3/3P4/Pqb1BN2/4QPPP/1NR3K1 w k - 0 18,b1c3 c8c3 c1c3 b3c3,1069,81,89,372,crushing middlegame short,https://lichess.org/aRwY6qoa#35,Caro-Kann_Defense Caro-Kann_Defense_Advance_Variation,,4
BB8X3,8/5p1k/3Np1pp/4P3/6P1/2P3PP/2rp4/3R3K w - - 2 46,c3c4 c2c1 h1h2 c1d1,1001,147,82,24,crushing endgame pin short,https://lichess.org/7iZKVFid#91,,,4
pVr9s,5r1k/1p1b3p/p1qp3b/3Bp3/P3p3/1P5P/2P3P1/R2Q1N1K b - - 0 23,f8f1 d1f1 c6d5 f1f6 h6g7 f6d8 d5g8 d8d7,1274,74,97,19318,crushing fork middlegame veryLong,https://lichess.org/2JRxOnnb/black#46,,,8
aLjGm,8/4Npk1/3p4/1p6/1Kp2r2/P7/8/8 b - - 5 57,f4d4 e7f5 g7f6 f5d4 f6e5 d4b5,1140,80,95,11699,crushing endgame fork long,https://lichess.org/bJ8FL2N2/black#114,,,6
zIWA1,2k5/1ppq3p/p1n3p1/P3b3/2Bp4/1P3Q1P/1BP2PP1/6K1 b - - 1 26,c6a5 f3f8 d7d8 c4e6 c8b8 f8d8,1146,75,86,136,crushing deflection endgame long queensideAttack,https://lichess.org/8MChYg8Z/black#52,,,6
W083h,3r2k1/5ppp/7q/8/3R2Q1/7P/3p2P1/7K b - - 2 37,d8d4 g4c8 d4d8 c8d8,1092,82,89,257,backRankMate endgame mate mateIn2 short,https://lichess.org/Hhx7LtUW/black#74,,,4
LAOMV,6k1/p5pp/6b1/3B2Q1/3q4/8/PP4P1/7K b - - 0 31,g8f8 g5d8 g6e8 d8d6,1046,92,92,1456,endgame mate mateIn2 short,https://lichess.org/LTeU33a0/black#62,,,4
r1ZDY,rn1qkb1r/pbp2ppp/1p6/3np3/8/2N1P1P1/PP1P1PBP/R1BQK1NR w KQkq - 2 7,g1e2 d5c3 e2c3 b7g2,1082,100,94,1545,crushing discoveredAttack opening short,https://lichess.org/i9338lef#13,Vant_Kruijs_Opening Vant_Kruijs_Opening_Other_variations,,4
OMKY0,4rrk1/1b4p1/pp2p1Rp/3pPp2/2pP4/2P3PQ/PPBq1P1P/5RK1 w - - 1 28,h3h6 d2h6 g6h6 g7h6,1101,75,98,550,advantage middlegame short,https://lichess.org/uGnLRBi1#55,,,4
XvTsm,r4r1k/1pqbb1pp/p3pp2/4P3/P2pNB2/1B1P2Q1/1PP3PP/5RK1 b - - 1 19,f6e5 f4e5 f8f1 g1f1 c7e5 g3e5,1046,78,91,1281,crushing long middlegame,https://lichess.org/aD6XndEq/black#38,Sicilian_Defense Sicilian_Defense_Closed,,6
WOFOB,1r5k/5Rp1/1p5p/2p1P3/b1Pp1N2/4r2P/1R4PK/8 b - - 0 32,e3e5 f4g6 h8g8 g6e5,1138,75,96,5175,advantage endgame fork short,https://lichess.org/YT8JGKfA/black#64,,,4
QPi27,6k1/5pp1/3p3p/p1pP1r2/PpP5/1P1R3P/2q2PP1/5QK1 w - - 21 46,g2g4 f5f2 f1f2 c2d3,1264,80,93,4649,crushing deflection endgame short,https://lichess.org/jCISBZJY#91,,,4
LbMKr,8/ppp1k1n1/3p2qp/3P2p1/2P5/1P2r3/P4QPP/5RK1 b - - 1 34,e3e5 f2f8 e7d7 f1f7 g6f7 f8f7,1061,77,76,113,advantage endgame long,https://lichess.org/oLcIpelR/black#68,,,6
yRQSM,r3k2r/pb1p1pp1/1ppb3p/4n3/3NP2q/1B6/PPP2PPP/R1BQ1RK1 w kq - 4 13,d4f5 e5f3 g2f3 h4h2,1198,77,92,268,kingsideAttack mate mateIn2 middlegame sacrifice short,https://lichess.org/uquWg1At#25,Italian_Game Italian_Game_Anti-Fried_Liver_Defense,,4
DCXVa,k2r3r/P1B3b1/3pq3/6p1/8/5P1p/5n1P/RR4K1 b - - 1 31,g7d4 b1b8 d8b8 a7b8q,1221,79,93,514,advancedPawn discoveredCheck doubleCheck mate mateIn2 middlegame promotion short,https://lichess.org/sBYz8RJd/black#62,,,4
0UGhA,5r1k/ppp3pp/1b6/4pr2/4N1n1/1Q3PBq/PP5N/3R1R1K w - - 1 27,f3g4 f5f1 d1f1 f8f1,1033,90,92,1435,killBoxMate kingsideAttack mate mateIn2 middlegame pin short,https://lichess.org/eqSc5TB5#53,,,4
9qrGg,rn1qkb1r/pp2nppp/2p1p1b1/4N3/2B5/6N1/PPPP1PPP/R1BQK2R w KQkq - 2 8,d2d3 d8a5 e1f1 a5e5,1121,87,90,230,advantage fork opening short,https://lichess.org/vaUsKDJL#15,Caro-Kann_Defense Caro-Kann_Defense_Two_Knights_Attack,,4
wDBP6,8/8/8/5Pp1/kp1QP3/5K2/6P1/5q2 w - - 3 46,f3g3 f1f4 g3h3 f4h4,1003,77,98,1110,endgame mate mateIn2 queenEndgame short,https://lichess.org/GZf42FKT#91,,,4
cZC80,8/1R4pk/p4p2/P2Nn2p/1P4r1/8/5K2/8 b - - 0 47,e5c6 d5f6 h7h8 f6g4,1019,78,99,2219,crushing endgame pin short,https://lichess.org/NpzCiQl4/black#94,,,4
fUadP,8/p3N3/5p2/3p1P2/1k1Pn3/2pKP3/P7/8 b - - 7 42,b4a3 e7d5 c3c2 d3c2,1103,89,93,406,crushing endgame knightEndgame master short,https://lichess.org/jkOspabe/black#84,,,4
luHcm,r6k/4B1p1/q7/p2Q4/5P2/P6P/6PK/8 b - - 7 42,a8e8 d5h5 a6h6 h5e8,1176,131,85,20,crushing endgame fork short,https://lichess.org/gtyEvvlK/black#84,,,4
s9u3O,r1b2rk1/pppqbppp/8/4n3/3PP3/P1NB1N2/1P4PP/R2Q1RK1 w - - 1 14,f3e5 d7d4 g1h1 d4e5,1085,79,88,145,advantage fork opening short,https://lichess.org/NUMaaxT6#27,French_Defense French_Defense_Knight_Variation,,4
rv9sK,rr4k1/p1p2ppp/b7/2N1bq2/8/1Q1PB3/PPP2PPP/R4RK1 w - - 5 17,b3d5 e5h2 g1h2 f5d5,1121,75,100,226,advantage discoveredAttack kingsideAttack middlegame short,https://lichess.org/x7I2Fs9x#33,Italian_Game Italian_Game_Two_Knights_Defense,,4
rxf70,2kr2nr/pppq1ppp/8/4P3/1PQ5/4P3/1P3PPP/R3K1NR w KQ - 1 13,g1e2 d7d2 e1f1 d2d1 a1d1 d8d1,1218,76,94,238,backRankMate long mate mateIn3 middlegame sacrifice,https://lichess.org/hkHVDmWd#25,Queens_Gambit_Accepted Queens_Gambit_Accepted_Old_Variation,,6
5TxTx,r4rk1/pbq1bppp/8/4p2Q/3pN3/1P1B4/P1P2PPP/R4RK1 b - - 5 16,c7c6 e4f6 g7f6 h5h7,1285,105,60,17,kingsideAttack mate mateIn2 middlegame sacrifice short,https://lichess.org/P9pVE4vx/black#32,Sicilian_Defense Sicilian_Defense_Lowenthal_Variation,,4
p92K3,r2qkb1r/5ppp/3Pp3/pb6/2B5/5Q2/PP3PPP/R1B1K2R b KQkq - 0 14,b5c4 f3c6 d8d7 c6a8,1138,76,96,4052,crushing deflection fork middlegame short,https://lichess.org/q7g0bL10/black#28,Sicilian_Defense Sicilian_Defense_Other_variations,,4
Ae0O3,3r2k1/R6R/1p4p1/6rp/8/P6K/1P3P1P/8 w - - 1 34,h7b7 d8d3 f2f3 d3f3 h3h4 g5g4,1127,76,98,963,endgame exposedKing long mate mateIn3 rookEndgame,https://lichess.org/JO4D5d4v#67,,,6
UMAHD,8/3k4/3p4/PPb4p/2B2rp1/8/3R3P/7K w - - 0 35,c4d5 f4f1 h1g2 f1g1,1112,77,68,102,endgame mate mateIn2 operaMate short,https://lichess.org/gM9C8QCI#69,,,4
LVVnA,r3kb1r/pp4pp/4p3/1N1pp3/1P6/P7/2R2PPP/5RK1 b kq - 1 17,a7a6 b5c7 e8f7 c7a8,1000,83,81,163,advantage endgame fork short,https://lichess.org/oXJ2fEs0/black#34,Caro-Kann_Defense Caro-Kann_Defense_Exchange_Variation,,4
injjI,8/pb3p1p/2q2pk1/5N2/1p3PP1/8/1P5R/5RK1 b - - 2 34,h7h5 f5e7 g6g7 e7c6,1191,75,98,1001,crushing endgame fork short,https://lichess.org/G9ATRXF5/black#68,,,4
roxxX,3r1k2/2R3p1/2p2r1p/2Pp1p2/6P1/pPP1Q2P/P1q5/KR6 b - - 0 34,f5g4 e3e7 f8g8 e7g7,1062,95,92,139,endgame fork mate mateIn2 short,https://lichess.org/zZV9TF0T/black#68,,,4
qX9NS,r3k2r/pp4pp/2n1b3/2N1ppq1/3p4/3Q4/PPP1PPP1/R3KB1R b KQkq - 3 14,e5e4 c5e6 e4d3 e6g5,1062,85,93,603,advantage hangingPiece middlegame short,https://lichess.org/5OwPtDgE/black#28,Benoni_Defense Benoni_Defense_Old_Benoni,,4
t3oFE,2r1r1k1/6q1/2Q5/pp1p2P1/4bP2/P1P1P2P/1P6/2KRR3 w - - 1 33,c6b5 c8c3 b2c3 g7c3,1057,95,93,460,mate mateIn2 middlegame queensideAttack sacrifice short,https://lichess.org/kcX8IWYX#65,,,4
DDh6W,1rr3k1/4n1pp/1q3p2/5P2/R1ppB3/6P1/1PQ1P2P/2R3K1 w - - 2 29,a4c4 d4d3 g1f1 d3c2,1207,76,80,253,advancedPawn crushing discoveredAttack discoveredCheck middlegame short,https://lichess.org/f3iIxkFA#57,,,4
EZ7T2,6rr/pp2bk1p/4bR2/2pNQ3/6q1/8/PPP3PP/3R3K b - - 0 20,e7f6 e5f6 f7e8 f6e7,1263,83,93,1171,mate mateIn2 middlegame short,https://lichess.org/XJ8j5Pzp/black#40,,,4
70WZ6,8/5Q2/8/3r2pk/8/8/3r2PK/8 b - - 3 52,h5g4 f7f3 g4h4 f3h3,1187,80,93,398,endgame mate mateIn2 queenRookEndgame short,https://lichess.org/PNrJhYii/black#104,,,4
CZWGD,r1bq1rk1/5pbp/p1npp1p1/1p6/3pPP2/P1PP4/BP1BQ1PP/R2NK2R w KQ - 1 14,c3d4 c6d4 e2f2 d4c2,1190,80,98,9797,crushing middlegame short,https://lichess.org/PtdMSlBa#27,Sicilian_Defense Sicilian_Defense_McDonnell_Attack,,4
fbcb3,4r1k1/1p4p1/2p2pp1/p2p4/3P2P1/P4PBP/1PPbrRK1/3R4 w - - 6 31,g2f1 e2e1 d1e1 e8e1,1059,76,88,655,crushing endgame short,https://lichess.org/rxVj7Ga9#61,,,4
08hfz,6k1/pp1r4/2p1q1pQ/3pp2p/8/1P3r2/PKP5/6R1 b - - 1 31,f3f5 g1g6 e6g6 h6g6 d7g7 g6f5,1077,76,98,3108,crushing endgame exposedKing fork long,https://lichess.org/9RHW3JM8/black#62,,,6
BIg6X,5R2/p6k/1p4Rp/3p4/8/7P/PPr3KP/8 w - - 0 29,f8f2 c2f2 g2f2 h7g6,1155,75,97,6975,crushing endgame rookEndgame short,https://lichess.org/J0sJFV2z#57,,,4
hBpyn,3r2rk/1b3ppp/2q1p3/p1p1Q3/Pp5R/1B1P1P2/1PP3PP/R5K1 b - - 3 22,c6d6 h4h7 h8h7 e5h5,1199,74,98,1489,attraction kingsideAttack mate mateIn2 middlegame sacrifice short,https://lichess.org/iCjFiCZA/black#44,,,4
vfjY3,r3kb1r/pp3ppp/2pqp1b1/4N3/3Pn1P1/2N4P/PPP1B3/R1BQK2R w KQkq - 2 13,e5g6 d6g3 e1f1 g3f2,1025,100,95,1843,mate mateIn2 opening short,https://lichess.org/i67vYdoI#25,Blackmar-Diemer_Gambit_Accepted Blackmar-Diemer_Gambit_Accepted_Teichmann_Defense,,4
oWlWe,5k2/8/8/1R1PB2p/2P4K/1p6/2b5/4r3 w - - 1 49,e5d4 e1e4 h4g5 e4d4,1287,75,97,3259,advantage endgame fork short,https://lichess.org/zkkazowQ#97,,,4
dLoIW,8/8/7p/p5p1/Pp3kP1/1P1K3P/8/8 w - - 4 54,d3d4 f4g3 d4c5 g3h3 c5b6 h3g4 b6a5 h6h5 a5b4 h5h4 a4a5 h4h3,1113,80,64,97,crushing endgame pawnEndgame quietMove veryLong,https://lichess.org/Kp4ZsYnh#107,,,12
IkzSE,r1bqk2r/pp1p1pbp/4p1pn/1B6/3nP3/2NQ3N/PP3PPP/R1B1K2R b KQkq - 7 10,e8g8 c1h6 g7h6 d3d4,1290,74,94,3700,advantage opening short,https://lichess.org/FBAsYncn/black#20,Sicilian_Defense Sicilian_Defense_Smith-Morra_Gambit_Accepted,,4
wjJDA,5k2/ppp2r1b/2n5/6N1/8/r4P1P/3R2P1/4R2K b - - 1 40,f7g7 g5e6 f8g8 e6g7,1198,76,94,1293,advantage fork master middlegame short,https://lichess.org/Pakq5aaL/black#80,,,4
W6WpC,1q1rrbk1/5p1p/R2p2p1/2pP1b2/2Pp1B2/3P1PP1/3Q2BP/R5K1 w - - 13 28,a6a8 b8a8 a1a8 d8a8,1262,83,90,2887,advantage middlegame short,https://lichess.org/0hi3wv33#55,,,4
pwkJp,8/1Q6/6r1/5p1p/p2B4/4P2k/P1q2P1P/R5K1 w - - 1 37,g1f1 c2d3 f1e1 g6g1,1250,81,91,501,endgame mate mateIn2 short,https://lichess.org/gqJQWYmr#73,,,4
PLAri,r1bq2k1/pp1pb1p1/2n1pr2/2p4p/5PQ1/2NP1NP1/PPP5/R1B1K2R w KQ - 0 14,g4h5 f6h6 h5h6 g7h6,1225,76,81,213,advantage middlegame short,https://lichess.org/oGFByzwb#27,Sicilian_Defense Sicilian_Defense_McDonnell_Attack,,4
T3sCD,r1b2rk1/pp1p1ppp/2nB1q2/4n3/2B5/2P2N2/4QPPP/RN2R1K1 b - - 0 16,f6d6 f3e5 d6e5 e2e5 c6e5 e1e5,1190,76,79,291,advantage long opening,https://lichess.org/VFKF1vQf/black#32,Sicilian_Defense Sicilian_Defense_Mengarini_Variation,,6
r1lsJ,r2qr1k1/pQ2n1pp/3p1p2/5n2/3P1B2/1P6/P1P2PPP/3R1RK1 b - - 0 18,e7g6 b7d5 g8h8 d5f5 g6f4 f5f4,1173,77,79,864,advantage fork long middlegame,https://lichess.org/PEk8QgY4/black#36,Queens_Pawn_Game Queens_Pawn_Game_Accelerated_London_System,,6
Q4h7k,4k2r/1pR2ppp/p7/4pb2/8/1P2B3/4KPPP/8 b k - 0 23,f5e4 c7c8 e8d7 c8h8,1006,81,67,69,advantage endgame short skewer,https://lichess.org/aveJGNHT/black#46,,,4
sOMdG,3kr3/7R/R7/1pr3P1/2b1P3/P7/1PP5/2K5 b - - 0 33,e8e4 a6a8 c5c8 h7h8,1215,75,90,485,crushing endgame master short,https://lichess.org/4jqapiJe/black#66,,,4
Z3gS8,r7/pp6/2pq1p2/6k1/2P1Pp2/1B4p1/PPN1K1R1/R6Q w - - 3 36,e2f3 d6d3 c2e3 d3e3,1038,79,89,61,mate mateIn2 middlegame short,https://lichess.org/m0bsEcrv#71,,,4
WxKHp,4r1k1/p4p2/8/2Q3p1/5pP1/2P2r2/P6P/6K1 b - - 1 27,f7f6 c5d5 g8f8 d5f3,1074,78,89,74,crushing endgame fork queenRookEndgame short,https://lichess.org/m4fgqGOU/black#54,,,4
yBZyn,rnbqkb1r/pp3ppp/4p3/3nN3/2PQ4/8/PP3PPP/RNB1KB1R b KQkq - 0 8,d5b4 d4d8 e8d8 e5f7 d8e8 f7h8,1265,102,83,30,advantage attraction fork long master opening,https://lichess.org/o8dxzk1e/black#16,Sicilian_Defense Sicilian_Defense_Alapin_Variation,,6
C2R7J,4r3/5p1p/1r1k2p1/3p1nR1/pN6/P4P2/1P3K1P/R7 b - - 3 31,f5d4 g5d5 d6e7 d5d4,1082,96,93,2222,advantage endgame fork short,https://lichess.org/Fvftbeht/black#62,,,4
fNN4m,r1b2r2/4qpk1/p3pp2/1p5Q/3P1R2/6P1/PP4PP/R5K1 b - - 3 20,f8h8 f4g4 g7f8 h5h8,1205,76,98,1243,deflection mate mateIn2 middlegame short,https://lichess.org/vGsDrtjs/black#40,,,4
jxJpp,1k3r2/3B3R/5n1p/8/3P4/4KP2/7P/8 w - - 7 39,h7e7 f6d5 e3e4 d5e7,1152,101,68,21,advantage endgame fork short,https://lichess.org/5imUBrpx#77,,,4
ejh6g,3r1r2/pbq2pkp/n5p1/1p1NP1N1/1P6/P2p2P1/1Q3P1P/3RR1K1 b - - 0 29,d8d5 e5e6 f7f6 e6e7 f8e8 g5e6 g7f7 e6c7,1244,78,77,134,advancedPawn advantage discoveredAttack fork middlegame pin veryLong,https://lichess.org/E8Xy8VtO/black#58,,,8
8chSI,k6q/p1bQ4/2P5/5p2/8/7P/6P1/6K1 b - - 1 39,h8e5 d7c8 c7b8 c8b7,1268,82,90,2532,endgame mate mateIn2 short,https://lichess.org/lZj7cGKP/black#78,,,4
470If,3r4/6Rp/2p2p1p/5P1k/4P3/2P2KP1/P1r4P/7R w - - 3 28,h2h4 d8d3 f3f4 c2f2,1270,88,47,38,endgame mate mateIn2 rookEndgame short,https://lichess.org/kW2lGbro#55,,,4
mXgx4,4r1k1/5pp1/4r2p/1p6/1PpBn3/2Pn1N1P/5PP1/R3RK2 w - - 4 33,e1e2 e4g3 f2g3 e6e2,1218,76,86,513,crushing discoveredAttack middlegame short,https://lichess.org/UtHxRi9c#65,,,4
EzaD8,6k1/5pp1/2p1p2p/5r2/1P1B4/1qN1K1Q1/6P1/8 b - - 22 53,g7g6 g3b8 g8h7 b8h8,1016,83,86,66,endgame mate mateIn2 short,https://lichess.org/PozaljxQ/black#106,,,4
HAS4f,r2qkb1r/1p3p1p/p1n1pnp1/3pN3/3P1B2/P1NP4/1P3PPP/R2Q1RK1 b kq - 1 11,c6d4 d1a4 b7b5 a4d4,1142,79,91,788,crushing fork middlegame short,https://lichess.org/X61IlvTU/black#22,Caro-Kann_Defense Caro-Kann_Defense_Other_variations,,4
aEDj6,R5k1/5pp1/7p/8/1Pn3Pq/2Bp3P/3Pr3/5QK1 b - - 2 32,g8h7 f1f5 g7g6 f5f7,1155,84,90,78,endgame master mate mateIn2 short,https://lichess.org/Qq6dZNiq/black#64,,,4
Jqj6x,8/8/8/Pp4p1/2k1p1P1/4K1P1/8/8 b - - 0 42,b5b4 a5a6 b4b3 a6a7 b3b2 a7a8q,1052,77,100,400,advancedPawn crushing endgame long pawnEndgame promotion,https://lichess.org/9LI2c3IC/black#84,,,6
uuZ0T,5rkr/ppb3pq/3p2p1/3P1bB1/1P2N3/P4Q1P/5PP1/R3R1K1 w - - 6 25,e4g3 f5h3 f3f8 g8f8 g2h3 h7h3,1059,76,73,130,advantage long middlegame,https://lichess.org/cIiqd4gZ#49,,,6
khtps,r1bqkbnr/ppp2ppp/3p4/4n3/4P3/5N2/PPP2PPP/RNBQKB1R w KQkq - 0 5,c1g5 e5f3 d1f3 d8g5,1020,83,90,2559,crushing opening short,https://lichess.org/YjOILShV#9,Philidor_Defense Philidor_Defense_Other_variations,,4
5cpvg,r4rk1/pp3ppp/5q2/2b5/Q4B2/6P1/PP3P1P/R3R1K1 w - - 4 21,f4e5 f6f2 g1h1 f2f3,1147,85,87,41,kingsideAttack mate mateIn2 middlegame short,https://lichess.org/rnWxd0Ik#41,,,4
WRu6t,r3kr2/p1p1npQp/1p1qb3/8/P3NP2/1P2K3/7P/4R3 b q - 3 25,d6b4 e4f6 e8d8 g7f8,1004,91,92,1340,deflection mate mateIn2 middlegame short,https://lichess.org/t1gvgLht/black#50,,,4
Bd3C0,r1b1k2r/ppp2pp1/2p5/2b4p/3qP1n1/2NP4/PPP1BPPP/R1BQ1RK1 w kq - 1 9,a2a3 g4f2 f1f2 d4f2,1189,76,72,119,advantage kingsideAttack opening short,https://lichess.org/pAvSwPIB#17,Russian_Game Russian_Game_Three_Knights_Game,,4
AsLNy,3r2k1/1Q3p2/p3pq2/1pb3pp/8/PBP3B1/1P3PPP/4R1K1 w - - 0 24,g3e5 f6f2 g1h1 f2e1,1025,77,78,191,backRankMate fork mate mateIn2 middlegame short,https://lichess.org/8txhkjjU#47,,,4
id7xy,r3kbr1/2Qnpp2/pp1p1q1p/8/3P1P2/1N2B1pP/PP4K1/2R2R2 b q - 1 26,f6e6 c7c8 a8c8 c1c8,1099,79,85,293,backRankMate mate mateIn2 middlegame sacrifice short,https://lichess.org/ntFGNiSB/black#52,,,4
SprLt,r3r1k1/3R2bp/1qn1p1p1/4PpB1/8/1pN4P/1P2QPP1/4R1K1 b - - 0 29,c6e5 d7g7 g8g7 e2e5,1173,77,89,2260,attraction crushing intermezzo kingsideAttack middlegame short,https://lichess.org/6zL232XF/black#58,,,4
cmRXJ,5r1k/3R4/p5qp/1p1Q4/3P1p2/1P5r/5PP1/4R1K1 w - - 0 36,e1e7 g6b1 e7e1 b1e1,1136,75,100,573,endgame mate mateIn2 short,https://lichess.org/0wnPJ5Dz#71,,,4
zpPhO,4r3/R7/1p4k1/3b2pp/3B2PP/2P1p3/PP6/6K1 b - - 0 34,g5h4 a7g7 g6h6 g4g5,1169,85,93,297,endgame master mate mateIn2 short,https://lichess.org/OBtXTzWx/black#68,,,4
cr3s2,r1b2rk1/5pbp/1N1p2p1/pPpPp2n/2P1Pnq1/P4N2/5PPP/R1BQRBK1 w - - 1 22,b6a8 f4h3 g1h1 h3f2,1241,75,93,4612,advantage deflection kingsideAttack middlegame pin short,https://lichess.org/7jQDdQRU#43,,,4
q3Zk9,r2q1b1k/pppb1p2/3p2p1/3P1p2/2P2Q1p/5N2/PP3PPP/R4RK1 w - - 0 22,f3h4 g6g5 f4d2 g5h4,1192,84,94,1680,advantage fork master middlegame short,https://lichess.org/sk6p249Y#43,,,4
8OZX9,r1b4Q/3pkpr1/p3p3/1p6/3qP3/3B4/P1P2PPP/1R3RK1 w - - 3 19,f1d1 g7g2 g1g2 d4h8,1130,76,95,4946,crushing discoveredAttack middlegame short,https://lichess.org/cZD6HRT1#37,Sicilian_Defense Sicilian_Defense_Taimanov_Variation,,4
3c8JU,8/3rkp2/5p2/1Q1BbP2/p7/6P1/1p3P1P/6K1 w - - 0 43,d5c6 d7d1 g1g2 b2b1q b5b1 d1b1,1061,77,88,640,advancedPawn advantage endgame long master promotion,https://lichess.org/oPGNO8Ah#85,,,6
ywT0a,2r2rk1/p1q1p1b1/6p1/P1p1p2n/2RN1P2/1P5P/2PBQ2P/5R1K w - - 0 28,d4e6 c7c6 e2e4 c6e6,1246,75,97,10056,advantage fork master middlegame short,https://lichess.org/WmT6V7AY#55,,,4
fUurw,rnbq1rk1/p4ppp/1p6/2bp4/1P2n3/P1N1PN2/4BPPP/R1BQK2R w KQ - 1 11,b4c5 e4c3 d1d4 c3e2,1174,81,93,6241,advantage hangingPiece opening short,https://lichess.org/s0bzEGSb#21,Indian_Defense Indian_Defense_Normal_Variation,,4
3nlBb,6k1/p4p1p/5p2/2N5/PPR5/6Pb/6rP/6K1 w - - 3 30,g1f1 g2c2 f1e1 c2c4,1183,75,96,3155,crushing discoveredAttack discoveredCheck endgame short,https://lichess.org/uKqbjmZH#59,,,4
s1w9I,rk5r/1ppR2pp/4B3/p7/8/2B3N1/PP3q1P/2KR4 b - - 1 24,a8a6 d7d8 h8d8 d1d8 b8a7 c3d4 f2d4 d8d4,1013,76,75,102,advantage fork master middlegame veryLong,https://lichess.org/oUzbfwZv/black#48,,,8
zoard,3r2k1/2RP1p2/5p1p/4pb2/1p1pBn2/8/5PPP/1R4K1 b - - 3 32,d8d7 c7c8 g8g7 e4f5,1085,77,85,356,advantage endgame master short,https://lichess.org/6zhYNuN2/black#64,,,4
Uw9Lu,4r1k1/pp2q1pp/2p5/2PpP3/5Q2/4P3/PP4PP/5RK1 b - - 3 22,e7e5 f4f7 g8h8 f7f8 e8f8 f1f8,1148,78,89,360,backRankMate endgame long master mate mateIn3 sacrifice,https://lichess.org/zgT7wVSH/black#44,,,6
TtWbs,6k1/R4pp1/5r1p/8/P7/1B4P1/5PKP/2r5 b - - 0 33,c1b1 a7a8 g8h7 b3c2 g7g6 c2b1,1163,79,95,2483,crushing endgame fork long,https://lichess.org/b93MJXVu/black#66,,,6
OaUpo,r2q3k/pp3B1b/2p4p/3p4/3P4/1P2P1Q1/P1PN2PP/b5K1 b - - 0 23,a1c3 g3e5 d8f6 e5f6,1062,76,83,555,kingsideAttack mate mateIn2 middlegame short,https://lichess.org/4TQQlkmD/black#46,,,4
CS9jD,R7/5r1p/p1Rb2p1/1p5k/3Qp3/P1P3PP/2q2P1K/2B5 w - - 5 39,c6d6 f7f2 d4f2 c2f2,1147,75,100,205,advantage endgame short,https://lichess.org/QPnAEbba#77,,,4
lt7Ao,7k/p1q2n1p/8/3Qn2P/2p2B2/2P5/P4P2/6K1 b - - 0 31,c7c6 f4e5 f7e5 d5e5,1287,75,88,797,advantage endgame short,https://lichess.org/80QjK40x/black#62,,,4
kH0I3,5rk1/2p4p/pbp3R1/4P3/3P3q/5r2/PPQ2P1P/6RK b - - 0 26,h7g6 c2g6 g8h8 g6g7,1171,82,87,107,endgame mate mateIn2 short,https://lichess.org/quaX7vji/black#52,,,4
LTnpg,7k/3q2p1/6pp/2p5/3p1R2/1Q4PP/1P2r1PK/8 b - - 0 31,d7c6 f4f8 h8h7 b3g8,1075,84,88,892,endgame mate mateIn2 short,https://lichess.org/uSc50atS/black#62,,,4
xi1dc,2n3k1/5pbp/p2p4/6Q1/6PK/6B1/P4q1P/8 b - - 2 47,f7f6 g5d5 g8f8 g3f2,1205,78,96,14342,crushing endgame short,https://lichess.org/ZOkbbtb4/black#94,,,4
GNHUZ,3r2k1/1b1r2pp/p7/q3p1P1/4N2P/1p1PQ3/PP1R4/1K3R2 w - - 0 28,a2b3 b7e4 e3e4 a5d2,1287,77,92,1466,capturingDefender crushing middlegame short,https://lichess.org/9a1BHGDX#55,,,4
YtN82,r1bqkb1r/3ppppp/p7/4N3/3N4/5Q2/PPn2PPP/2BK3R b kq - 1 13,f7f6 f3h5 g7g6 e5g6 d8b6 g6h8,1264,76,96,6945,advantage discoveredAttack discoveredCheck long middlegame,https://lichess.org/hljNOyKf/black#26,Sicilian_Defense Sicilian_Defense_Open,,6
dn6r9,r4rk1/1bp5/3pNqp1/1p2p2n/p3P1Q1/2PP3P/PPB2bP1/R1B1R2K w - - 2 25,e1f1 h5g3 g4g3 f2g3 f1f6 f8f6,1060,80,87,81,crushing fork long middlegame,https://lichess.org/kxsx2Bw9#49,,,6
DelZB,4k1r1/Q1b5/5p1B/1p1Rp2p/p3P2P/2P5/5PPK/1q6 b - - 3 31,b1e4 a7a8 e8f7 d5d7,1022,75,100,164,crushing endgame master short,https://lichess.org/BhASDU0q/black#62,,,4
VoMhY,r4rk1/2q3p1/ppb1pp1p/8/7Q/2N3R1/PPP2PPP/R5K1 w - - 6 20,h4h6 c7g3 h2g3 g7h6,1070,86,92,2024,crushing middlegame short,https://lichess.org/XWDILe07#39,,,4
TLFjF,1k1r2nr/1pp3bp/4qpp1/pN1pn3/P7/2P1BPP1/1P3P1P/R2QRBK1 w - - 4 17,d1d4 e5f3 g1h1 f3d4,1112,79,76,196,advantage fork middlegame short,https://lichess.org/k4TuMhlf#33,Queens_Pawn_Game Queens_Pawn_Game_Anti-Torre,,4
zzXh0,2k5/1Rp4p/p1nrp1p1/3q1p2/QB1P1P2/4P3/P5PP/6K1 w - - 2 26,a4a6 c6b4 a6a8 c8d7 a8a4 b4c6,1235,76,81,1286,crushing endgame long,https://lichess.org/WbxarKhj#51,,,6
LfzA2,8/3R1p2/6k1/4p1p1/4b3/4N2K/6r1/8 w - - 2 53,e3g2 e4f5 h3g3 f5d7,1177,78,95,8265,crushing endgame fork master short,https://lichess.org/zbHOJ9RL#105,,,4
voVa3,2r2rk1/6pp/p1pbR3/3p4/2pP3q/2N5/PPP3PP/R1BQ2K1 w - - 1 17,e6d6 h4f2 g1h1 f2f1 d1f1 f8f1,1014,77,94,345,backRankMate long mate mateIn3 middlegame,https://lichess.org/P7lU9qko#33,Sicilian_Defense Sicilian_Defense_Bowdler_Attack,,6
pMzHu,r2q1rk1/1b1pbpp1/p3p2p/n3P3/Pp1PN3/4PN2/1PQ3PP/1BR2RK1 b - - 3 18,a8c8 e4f6 g7f6 c2h7,1143,75,95,1526,clearance kingsideAttack mate mateIn2 opening sacrifice short,https://lichess.org/7zbZ1Jnv/black#36,Horwitz_Defense Horwitz_Defense_Other_variations,,4
VdaPM,r3r1k1/pp1nqpPp/2p5/6P1/1b1p4/2N2Q2/PPP2P2/R1B2K1R w - - 3 19,c3e4 e7e4 f3e4 e8e4,1157,79,88,1146,crushing middlegame short,https://lichess.org/kRhjhmHh#37,Scandinavian_Defense Scandinavian_Defense_Mieses-Kotroc_Variation,,4
DJstw,1k4rN/p1p3b1/1p1qp3/7p/Q1Pp2n1/P2B1R2/1P4P1/4R1K1 w - - 0 26,h8g6 d6h2 g1f1 h2h1 f1e2 h1g2,1290,105,82,22,crushing deflection kingsideAttack long middlegame,https://lichess.org/wQiGaZgN#51,,,6
MYCw1,8/7k/8/7R/2q5/5N2/6P1/6K1 b - - 0 62,h7g6 f3e5 g6h5 e5c4,1152,77,87,169,crushing endgame fork short,https://lichess.org/a7GQs3xg/black#124,,,4
dMrEV,r1b2rk1/pp1n4/2p1p1Pn/3p2NP/3P4/2P2P2/PP4P1/RN2K2R w KQ - 1 20,g5e6 f8e8 e1f2 e8e6,1226,78,68,148,advantage middlegame pin short,https://lichess.org/ujLvJu8v#39,,,4
GIaJd,5rk1/1R4pp/4p3/p1rpPp1Q/5P2/P7/2q3PP/3R3K b - - 0 30,f8c8 h5f7 g8h8 f7g7,1066,83,84,122,endgame mate mateIn2 short,https://lichess.org/t6OKAP1F/black#60,,,4
EiWOe,4k1r1/p4p2/1p2q3/1PnpP2p/P4BrP/2Q3P1/3N1P2/6RK b - - 0 31,g4h4 g3h4 g8g1 h1g1,1071,77,67,95,advantage hangingPiece middlegame short,https://lichess.org/JwlbgCtC/black#62,,,4
aLeDH,8/p1b2p2/4p3/1PP5/P2k3r/4N3/4K3/2R5 w - - 0 41,c5c6 h4h2 e2f3 h2h3,1074,89,97,419,crushing endgame master short,https://lichess.org/hpu7Evrt#81,,,4
2rlrE,2r4k/1pq4r/p5B1/2pb4/Q2p4/1P1P4/P1P4R/K6R b - - 3 40,d5h1 h2h7 c7h7 g6h7,1012,88,90,1390,crushing fork middlegame short,https://lichess.org/xBiUT7yj/black#80,,,4
lFYLh,5r1k/pp1q1p2/2pp1n1p/6pP/4N3/3Q4/PPP2PP1/4R1K1 b - - 2 24,f8e8 e4f6 e8e1 g1h2 d7f5 d3f5,1163,133,37,18,crushing endgame fork long sacrifice,https://lichess.org/cSxC6YPn/black#48,,,6
owdwz,r4rk1/1pp2pp1/4p1np/p2p4/3P1P1q/2PQ2P1/PP1N1PK1/4RR2 w - - 0 17,g3h4 g6f4 g2g3 f4d3 e1e3 d3b2,1117,74,98,3870,advantage fork long middlegame,https://lichess.org/2XVb279n#33,Queens_Pawn_Game Queens_Pawn_Game_Accelerated_London_System,,6
smfmi,8/2b2b2/2P2k2/pB3p1p/Pp3R2/3N2P1/1P1K3n/8 w - - 2 40,f4d4 h2f3 d2e3 f3d4,1012,79,81,110,advantage endgame fork master masterVsMaster short,https://lichess.org/yJy2JTQK#79,,,4
fWlUG,1r3rk1/pp4pp/2p3q1/3pPb2/PP1BpP1b/4P1N1/6PP/R3QRK1 b - - 4 25,a7a6 g3f5 h4e1 f5e7 g8h8 e7g6,1266,75,96,7922,crushing fork long middlegame sacrifice,https://lichess.org/iSSFR9eT/black#50,,,6
VaHKY,r1b1k2r/ppp1bppp/2q2n2/3p4/2B5/8/PPPPQPPP/RNB1R1K1 b kq - 1 11,c8e6 c4b5 e8g8 b5c6,1102,75,100,191,advantage middlegame pin short,https://lichess.org/joxGUSkr/black#22,Petrovs_Defense Petrovs_Defense_Other_variations,,4
BYl10,r7/pq1k1prp/8/1p1n2N1/2pP4/2P2PP1/4Q1KP/R3R3 w - - 2 25,g5f7 d5f4 g2f2 f4e2,1154,75,93,294,advantage middlegame pin short,https://lichess.org/9sbdirc4#49,,,4
ZrfsV,r2r2k1/2p1npp1/1pn4B/p2qp2Q/4N3/P2P4/5PPP/R4RK1 b - - 0 19,g7h6 e4f6 g8g7 f6d5,1072,85,95,334,advantage fork middlegame short,https://lichess.org/JNP7Vgha/black#38,,,4
94S1w,8/1kr2p2/4p1p1/1p2P2p/p4P2/qP4P1/2P3QP/1K1R4 b - - 1 36,b7b6 d1d6 a3d6 e5d6,1105,78,100,122,crushing endgame short,https://lichess.org/xzIhTHQa/black#72,,,4
tgbLv,r1q2rk1/4ppbp/p1np1Pp1/1p6/3NPP2/P1N1B3/1PPQB3/R4b1K w - - 0 17,f6g7 c8h3 h1g1 h3g2,1101,77,89,354,kingsideAttack mate mateIn2 middlegame short,https://lichess.org/DVIDdoQr#33,Sicilian_Defense Sicilian_Defense_Open,,4
PbTPB,2r1r2k/p6p/6p1/2pR1p2/5Pq1/1P4P1/P1Q4P/3R2K1 w - - 0 30,g1g2 e8e2 c2e2 g4e2,1019,79,90,375,crushing endgame fork short,https://lichess.org/JaqKshD5#59,,,4
vZ37C,5rk1/6pp/pq3rn1/1p1R3Q/5p2/1BP5/PP4PP/5R1K b - - 7 28,g8h8 h5h7 h8h7 d5h5,1265,74,89,857,attraction kingsideAttack mate mateIn2 middlegame pillsburysMate sacrifice short,https://lichess.org/klG7EnMp/black#56,,,4
sZRGf,1r2r1k1/5ppp/5n2/6N1/q1p5/P1Q3B1/5PPP/1R1R2K1 w - - 2 37,b1b8 a4d1 c3e1 d1e1,1022,76,100,437,hangingPiece mate mateIn2 middlegame short,https://lichess.org/Hh6NcKfj#73,,,4
d1o90,8/8/8/1K6/P2N4/6p1/5k2/8 w - - 0 81,d4e2 f2e2 a4a5 g3g2,1257,82,80,82,advancedPawn crushing endgame hangingPiece master short,https://lichess.org/xWB2yhN4#161,,,4
80rws,5r2/1p1N1p1k/2p1p1Rp/p4n1P/5r2/PK3P2/2P5/6R1 b - - 11 37,f8d8 d7f6 h7h8 g6g8 d8g8 g1g8,1249,77,95,8366,arabianMate endgame long mate mateIn3,https://lichess.org/PAQdTxwd/black#74,,,6
xCdCT,r4rk1/2qnbppp/p2pbn2/1p1Np3/4P2P/1N2BP2/PPPQB1P1/2KR3R b - - 1 13,f6d5 e4d5 e6d5 d2d5,1266,76,93,445,advantage middlegame short,https://lichess.org/QT2i1QVZ/black#26,Sicilian_Defense Sicilian_Defense_Najdorf_Variation,,4
j17dX,3rk2r/1q3pb1/p3p1p1/1p6/3n1PP1/P4N1p/BPQB3P/4RR1K w k - 0 21,c2e4 b7e4 e1e4 d4f3,1239,77,89,2260,advantage middlegame short,https://lichess.org/GvJrdWsP#41,,,4
bGdqV,2rr4/5pk1/p2pp1p1/8/1p2PNQ1/1B6/PPP2q2/1K1R4 w - - 2 23,b3e6 f2c2 b1a1 c2c1 d1c1 c8c1,1198,83,90,111,backRankMate long mate mateIn3 middlegame sacrifice,https://lichess.org/ROgvhdj1#45,,,6
TZqvd,5rk1/1n3Qpp/3N2q1/2nP4/8/8/r5BP/4RR1K b - - 0 34,f8f7 e1e8 f7f8 f1f8,1035,93,57,70,mate mateIn2 middlegame short,https://lichess.org/khVEW2MU/black#68,,,4
nCu0G,r1b4Q/pppk1p1p/3bp3/5N2/4R3/3P4/PPq2PPP/R1B3K1 w - - 3 20,f5g7 c2d1 e4e1 d1e1,1035,76,100,823,kingsideAttack mate mateIn2 middlegame short,https://lichess.org/qhNlmqUv#39,,,4
561H4,rnbqkb1r/pp3ppp/4p3/2p1P1B1/3P4/2n2N2/PP3PPP/R2QKB1R w KQkq - 0 9,g5d8 c3d1 a1d1 e8d8,1163,81,87,108,crushing intermezzo opening short,https://lichess.org/qkc8gFA7#17,English_Opening English_Opening_Anglo-Indian_Defense,,4
eMAeJ,8/p5k1/4p1p1/2p5/2PpQ2P/P2Pb1q1/8/3KR3 w - - 1 41,e4e6 g3f3 d1c2 f3f2 c2b3 f2e1,1197,75,95,4464,crushing endgame exposedKing fork long master masterVsMaster,https://lichess.org/45gEycVd#81,,,6
PgH6q,kq2rr2/p1p2ppp/2Pp1bn1/3Q4/5P2/R3B3/PPP3PP/5RK1 b - - 12 21,f6b2 a3a7 b8a7 e3a7,1165,78,90,693,crushing middlegame queensideAttack short,https://lichess.org/HBOQ9ZIN/black#42,,,4
o8RMG,2r2rk1/Q7/4p3/3p4/1P3p1p/1Kb2q1p/P2B4/R5R1 b - - 1 33,f3g3 g1g3 f4g3 d2c3 c8c3 b3c3,1163,91,94,2023,crushing long middlegame,https://lichess.org/mon3UAwT/black#66,,,6
UhVb8,8/6pp/pkR2p2/8/1r2rP2/6P1/P6P/2R2K2 b - - 0 36,b6b5 c1c5 b5a4 c6a6,1178,85,93,6959,deflection endgame mate mateIn2 rookEndgame short,https://lichess.org/xmZJ8Fdj/black#72,,,4
927KD,3r3k/Q5bp/6p1/pP3p2/P7/5NqP/3r2P1/4RRK1 w - - 0 32,f3d2 g7d4 a7d4 d8d4,1155,77,96,6793,advantage fork middlegame short,https://lichess.org/qfjEaRAo#63,,,4
oDvd6,2r5/pp2k3/8/4Npp1/2P1n3/1P2PK2/P7/3R4 b - - 1 35,c8h8 e5g6 e7f6 g6h8,1230,81,85,76,crushing endgame fork short,https://lichess.org/64r438Vx/black#70,,,4
7AnC1,8/8/1P6/2K5/8/2P3P1/4k2P/3r4 b - - 0 50,e2d3 b6b7 d1b1 c5c6,1165,84,94,2051,advancedPawn crushing defensiveMove endgame master rookEndgame short,https://lichess.org/nTd5HCgO/black#100,,,4
jIHJL,8/4k1p1/4np2/7Q/1q1p3P/1P2B1P1/P4P2/6K1 w - - 0 38,e3c1 b4e1 g1g2 e1c1,1008,76,99,773,advantage endgame fork master short,https://lichess.org/b2213Fyl#75,,,4
o4Oe3,8/6p1/1K6/2p4k/P7/1P6/8/2b5 b - - 0 41,c1a3 a4a5 a3b4 a5a6,1227,78,58,287,bishopEndgame crushing endgame quietMove short,https://lichess.org/5z03mP1d/black#82,,,4
25sZj,4kb1Q/5p2/4p2p/p2pP2P/3P4/1q2B3/5PP1/6K1 w - - 0 34,e3h6 b3d1 g1h2 d1h5,1158,82,76,47,crushing endgame short,https://lichess.org/ZeCtLKU6#67,,,4
KafRn,4k3/1q3p1p/p3p3/1p6/8/1P3R1r/P1PQ2R1/6K1 b - - 0 27,b7f3 g2g8 e8e7 d2d8,1037,89,92,123,endgame mate mateIn2 short,https://lichess.org/6ltb0sM9/black#54,,,4
o0adA,3r4/p4qk1/1pQP1pp1/2b1p2p/8/7P/PP3RP1/3R2K1 b - - 2 34,f7a2 c6c7 a2f7 c7d8,1134,80,91,792,crushing endgame fork master short,https://lichess.org/jcdVb20p/black#68,,,4
BzfRG,2kr4/1pp2p1p/pnp1b3/4q3/2P4Q/1PN5/P4RPP/R5K1 w - - 0 24,a1d1 d8d1 c3d1 e5e1 f2f1 e1h4,1147,79,85,277,advantage fork long middlegame,https://lichess.org/XwnWTQQ0#47,,,6
XbnGY,6rk/5R2/p6p/Pp1pq3/1P6/2P2b2/2BQ1P2/5RKN w - - 1 35,h1g3 g8g3 f2g3 e5g3 d2g2 g3g2,1061,76,75,163,long mate mateIn3 middlegame,https://lichess.org/z4PzGpjK#69,,,6
xssld,r4k2/1pp2ppp/2np4/8/p2PQ3/K1PB4/PP3q1P/R7 b - - 1 22,g7g6 a1f1 f2f1 d3f1,1269,81,91,3286,advantage endgame short,https://lichess.org/rVQvESya/black#44,,,4
xaIPc,r5k1/4bpp1/p1R1p1p1/4P3/1q1r4/5N1P/1PQ2PP1/4R1K1 w - - 0 25,f3d4 b4e1 g1h2 e1e5,1171,78,76,285,crushing hangingPiece middlegame short,https://lichess.org/w1dGmEyT#49,,,4
Kf8Qo,r2r2k1/pb2qppp/1p2pn2/n7/2PB4/3RPN2/2Q1BPPP/3R2K1 b - - 3 19,b7e4 d4f6 g7f6 d3d8,1016,80,90,62,advantage discoveredAttack kingsideAttack middlegame short,https://lichess.org/cuJauhtg/black#38,,,4
AXsJZ,2r1k3/5pp1/2q1p2p/4Q2P/8/B5N1/PP3PP1/1K1R4 w - - 11 33,e5d4 c6c2 b1a1 c2c1 d1c1 c8c1,1177,78,83,168,backRankMate endgame long mate mateIn3 sacrifice,https://lichess.org/LoGqctf3#65,,,6
lgbe0,4r1k1/8/Q2b2pp/8/3p4/3N3P/PPP1q1P1/5R1K w - - 1 27,f1e1 e2e1 d3e1 e8e1 a6f1 e1f1,1095,81,85,127,endgame long mate mateIn3 pillsburysMate,https://lichess.org/MJ9h9dMv#53,,,6
9PNst,r1b2rk1/ppq3pp/4pp2/1B1nB2Q/8/1P2P3/P5PP/RN3RK1 b - - 0 15,f6e5 f1f8 g8f8 h5e8,1139,79,94,2260,attraction kingsideAttack mate mateIn2 middlegame short,https://lichess.org/5lnj60z3/black#30,Zukertort_Opening Zukertort_Opening_Quiet_System,,4
fAr6P,r4r1k/pp3p1P/4p1n1/2n4N/1q1R2Q1/2b1B2P/P5P1/5R1K b - - 1 28,c3d4 e3d4 h8h7 h5f6,1044,75,100,734,crushing kingsideAttack master middlegame short,https://lichess.org/Sei2RA0A/black#56,,,4
5CLxn,r1b2rk1/pp3pp1/4p2p/3pP3/3n4/2qBQ2P/P2N2P1/R4RK1 b - - 1 17,d4c2 d3h7 g8h7 e3c3,1233,81,50,49,advantage discoveredAttack middlegame short,https://lichess.org/9bCLuaMW/black#34,Caro-Kann_Defense Caro-Kann_Defense_Exchange_Variation,,4
TrqSc,5r1k/p5pP/8/3Q4/8/P1P1P3/3KR3/q7 w - - 1 38,d5b3 f8d8 d2c2 a1d1 c2b2 d1e2,1148,79,96,2105,crushing endgame fork long,https://lichess.org/A25i694s#75,,,6
tNkh5,2r3k1/5pp1/Q2bp2p/3p4/8/5PqP/PPr1R1P1/4R1BK b - - 1 27,c2e2 a6c8 g8h7 e1e2,1109,77,96,7707,crushing hangingPiece intermezzo middlegame short,https://lichess.org/LASck3xa/black#54,,,4
ZhtJC,2rq3k/1p3Qbp/p1n3p1/6N1/7N/P7/5PPP/4R1K1 b - - 0 26,d8g5 e1e8 c8e8 f7e8 g7f8 e8f8,1053,76,100,431,long mate mateIn3 middlegame,https://lichess.org/XpJzMjcr/black#52,,,6
dMKnP,2kr3r/pppq1ppp/8/8/3np3/B7/P4PPP/RN1QR1K1 w - - 0 16,a3b2 d4f3 g2f3 d7d1 e1d1 d8d1,1199,79,90,3132,crushing discoveredAttack kingsideAttack long middlegame pin,https://lichess.org/qPYaryzT#31,Italian_Game Italian_Game_Evans_Gambit,,6
GDEoS,r2qk2r/pp2ppbp/2n3p1/1Bpn2B1/8/2N2P2/PP1Q1PPP/R3K2R w KQkq - 0 11,d2d5 g7c3 b2c3 d8d5,1001,145,69,37,advantage intermezzo middlegame short,https://lichess.org/4ruc2NzC#21,Grunfeld_Defense Grunfeld_Defense_Three_Knights_Variation,,4
Qm7F7,b3r3/5R1k/8/6r1/5R2/1P2p2P/P7/5K2 b - - 1 44,h7g6 f4f6 g6h5 f7h7,1058,79,95,10492,endgame mate mateIn2 short,https://lichess.org/7QDr8wqF/black#88,,,4
ifF4o,5rk1/5pb1/6rp/pp1pPR2/2pP1Q2/P1P3nP/1P4P1/5RK1 w - - 7 43,f5f7 g3e2 g1h2 e2f4,1016,87,91,3183,advantage fork middlegame short,https://lichess.org/MzDzReGI#85,,,4
VYYEu,6k1/2b3pp/r1P1p3/2Bp4/8/Pr1P3P/R3PP2/2R3K1 w - - 3 32,c5b4 b3b4 a3b4 a6a2,1262,74,85,643,advantage endgame short,https://lichess.org/nKHk3fvw#63,,,4
LWMwv,r6k/pR3B2/6p1/5b2/8/3pb3/P5P1/5R1K w - - 0 35,g2g4 f5e4 h1h2 e4b7,1287,77,91,162,crushing endgame fork short,https://lichess.org/t8CTkodr#69,,,4
MsSYx,2kr3r/ppp2p2/5pbp/1B1Nb3/q3P1P1/5P1P/PPPQ4/2KR3R b - - 2 17,a4a2 d5e7 c8b8 d2d8 h8d8 d1d8,1171,76,94,2334,backRankMate deflection discoveredAttack long mate mateIn3 middlegame,https://lichess.org/psa2PI5H/black#34,Englund_Gambit Englund_Gambit_Hartlaub-Charlick_Gambit,,6
JJojq,6r1/5prk/1p1p3p/3Pp3/Pp6/1P1P1P2/5P1P/1R4RK w - - 2 40,h2h4 g7g1 b1g1 g8g1,1150,138,83,9,crushing endgame rookEndgame short,https://lichess.org/t9eHk43V#79,,,4
rNLsz,3rr3/pp4kp/2p3p1/8/2nNP3/8/P3R1PP/3R2K1 b - - 2 25,c6c5 d4e6 e8e6 d1d8,1034,175,38,26,advantage deflection discoveredAttack endgame short,https://lichess.org/0g9Vyo6Q/black#50,,,4
vklVJ,5r1k/1R5B/5p1p/8/2b5/4P1P1/5PK1/8 w - - 4 41,h7g6 c4d5 g2h3 d5b7,1147,99,38,46,advantage endgame fork short,https://lichess.org/usebSEoU#81,,,4
C6yRk,6k1/p2r1bpp/5p2/8/R3p3/P5P1/4NP1P/6K1 w - - 0 35,a4e4 d7d1 g1g2 f7d5,1033,84,92,399,crushing endgame pin short,https://lichess.org/boDYB5AR#69,,,4
lCveD,rn2r1k1/ppp3b1/4p1p1/4p1Np/2B1Pn1P/5PB1/PPP3P1/3RK2R w K - 1 18,c4e6 f4e6 g5e6 e8e6,1037,78,71,680,advantage middlegame short,https://lichess.org/EhPmB0j0#35,London_System London_System_Other_variations,,4
c3ziQ,r1b3k1/1p4n1/p1p1q2b/3Pp3/2P1B1nB/2N1P3/PPQ5/2K4R b - - 0 27,c6d5 e4d5 g4e3 d5e6,1254,97,71,56,advantage kingsideAttack middlegame pin short,https://lichess.org/c9b2BSud/black#54,,,4
qVE38,8/4K3/5Pk1/7p/3n4/6N1/8/8 b - - 4 83,h5h4 f6f7 d4c6 e7e8,1185,154,76,15,advancedPawn crushing defensiveMove endgame knightEndgame short,https://lichess.org/SSfewoOt/black#166,,,4
7soTW,r5k1/3P1pp1/7p/8/7P/3Q4/pq3PP1/4RK2 b - - 0 39,a8d8 e1e8 d8e8 d7e8q,1010,80,78,215,advancedPawn endgame mate mateIn2 promotion short,https://lichess.org/Lrbmta3r/black#78,,,4
g7kB8,4r1k1/pb4pp/1p3R1r/3N4/2PQP2q/P5R1/1B3KP1/8 w - - 1 34,f6f8 e8f8 f2e2 h4g3,1037,76,100,321,crushing hangingPiece middlegame short,https://lichess.org/IfDokn0z#67,,,4
9ytTt,r5k1/1p3pPp/4p3/2Pp2P1/rqnP3P/1N3P2/P4Q1R/KR6 w - - 5 29,f2e1 a4a2 h2a2 a8a2 a1a2 b4a4,1186,75,97,27290,attraction long master mate mateIn3 middlegame sacrifice,https://lichess.org/MNptgzNR#57,,,6
O5gmZ,2rr2k1/p4ppp/1p6/2P1q3/5R2/PQ4P1/5P1P/2R3K1 b - - 0 29,c8c5 b3f7 g8h8 f7f8 d8f8 f4f8,1161,154,43,8,backRankMate endgame long mate mateIn3 sacrifice,https://lichess.org/k6XkH04L/black#58,,,6
JZpg7,1qr3rk/8/p4p1p/4pPp1/1Q2b1P1/1PR4P/2P4K/4R3 w - - 0 35,e1e4 b8b4 e4b4 c8c3,1091,87,88,100,capturingDefender crushing endgame short,https://lichess.org/KjSBxRTU#69,,,4
XVO7Y,6k1/pp1q1pp1/2p4p/3p3n/3P1P2/3B2PP/PPP4K/4Q3 b - - 0 26,d7d6 e1e8 d6f8 d3h7 g8h7 e8f8,1034,79,100,121,crushing deflection endgame kingsideAttack long,https://lichess.org/ck2ADjtg/black#52,,,6
HUKJY,8/1p6/pk5p/2r5/5N2/8/5B1P/7K w - - 2 42,f2c5 b6c5 h1g2 a6a5 g2f2 a5a4,1031,77,89,245,crushing defensiveMove endgame long quietMove,https://lichess.org/tcfvImlt#83,,,6
Se78L,4r1k1/pb3ppp/8/2p5/3p4/1P1P4/PBP2PPP/R4K2 w - - 0 20,a1e1 b7g2 f1g2 e8e1,1158,76,88,293,advantage deflection endgame short,https://lichess.org/9CKz8OJm#39,,,4
PMcLY,8/8/P4k1p/6p1/8/1PK5/4rp2/5R2 b - - 0 48,g5g4 a6a7 e2a2 f1f2 a2f2 a7a8q,1186,75,100,2647,advancedPawn advantage deflection endgame exposedKing long promotion rookEndgame,https://lichess.org/pMRB2H8b/black#96,,,6
1sE9Y,8/pp2Qppk/7p/3R1q2/4n3/1P2PP2/PB5P/6K1 b - - 0 29,f5d5 e7e4 d5e4 f3e4,1146,88,95,3201,advantage endgame short,https://lichess.org/8FF9w2IK/black#58,,,4
jYR2a,4rk2/r3bp2/3p3R/2pP1N2/1pP1RPP1/8/Pp6/2K5 w - - 0 29,c1b2 e7f6 h6f6 e8e4,1091,75,89,316,advantage discoveredAttack endgame short,https://lichess.org/dhIfgGNj#57,,,4
a1sHJ,3r2k1/3q3p/p5p1/1p1P4/4RP2/1P1Q4/P6P/2K5 b - - 0 33,d7d5 e4e8 d8e8 d3d5,1120,77,78,239,crushing deflection endgame master short,https://lichess.org/rBX7SMHK/black#66,,,4
BX9Vk,8/8/5P2/1P6/3Pk3/6p1/4B1K1/4r3 w - - 2 46,f6f7 e1e2 g2g3 e2e3 g3g4 e3f3,1257,77,68,198,crushing endgame exposedKing long,https://lichess.org/1D6u2jOm#91,,,6
2BLOA,3r2k1/1pQ3pp/p4q2/P3p3/8/5RPP/6PK/3r4 b - - 0 40,f6g5 c7f7 g8h8 f7f8 d8f8 f3f8,1083,86,87,618,backRankMate endgame long mate mateIn3 sacrifice,https://lichess.org/8LWyEpNf/black#80,,,6
QisYA,2r4k/7p/1p1Q1p2/3N1b2/8/7P/PP3qPK/8 b - - 3 28,f2c5 d6f6 h8g8 d5e7 c5e7 f6e7,1099,76,97,4552,crushing endgame fork long,https://lichess.org/MbAFC7OB/black#56,,,6
MJseR,8/6k1/6P1/7P/3p4/5p2/3K4/8 w - - 3 54,d2e1 d4d3 e1d2 f3f2,1173,77,96,1855,advancedPawn crushing endgame pawnEndgame short,https://lichess.org/O4rNLiiT#107,,,4
A2UkN,r2q1rk1/1b2bp1n/ppn4Q/2pp4/7P/P2P1N1R/BPP2PP1/RN2K3 b Q - 2 15,d8d6 h3g3 d6g3 f2g3,1084,76,92,1295,advantage middlegame short,https://lichess.org/7yq3ln5p/black#30,Sicilian_Defense Sicilian_Defense_Bowdler_Attack,,4
OwFql,6k1/5p2/6p1/5q1p/1p1Q3P/6P1/1Pr5/4R1K1 b - - 4 39,f5h3 e1e8 g8h7 e8h8,1099,75,97,3377,endgame mate mateIn2 short,https://lichess.org/A4I8iDBT/black#78,,,4
krGmR,1k1r4/1p1b3Q/pb1pNp2/3B4/1P2P3/q7/3R1PPP/2R3K1 w - - 0 27,e6d8 a3c1 d2d1 c1d1,1020,115,69,26,fork hangingPiece mate mateIn2 middlegame short,https://lichess.org/M3CNA7mu#53,,,4
ux0ew,r4rk1/1p3ppp/p1pb4/3p4/1P1P2n1/2N1PN1q/1P3P2/RBBQR1K1 w - - 2 16,b1f5 d6h2 f3h2 h3h2 g1f1 h2f2,1159,78,93,1021,kingsideAttack long mate mateIn3 middlegame,https://lichess.org/jKpbpA2I#31,Queens_Pawn_Game Queens_Pawn_Game_Chigorin_Variation,,6
jM2xc,r1bq1r2/pppn2bk/3p3p/3Ppp2/3n4/2NBBN2/PPPQ1PPP/2KR3R w - - 0 14,f3d4 e5d4 d3f5 f8f5,1072,93,62,34,advantage fork middlegame short,https://lichess.org/bVvsanoJ#27,Pirc_Defense Pirc_Defense_Classical_Variation,,4
PnirE,3Q4/3N1ppk/4p3/3p4/1p1P4/4PPP1/4n1PK/6q1 w - - 7 37,h2h3 g1h1 h3g4 f7f5 g4g5 h1h6,1258,79,91,667,endgame long mate mateIn3,https://lichess.org/XieBLlR5#73,,,6
GnutF,4r3/pp2q1kp/2pR2p1/8/2P2QPn/5n2/PP2BP1P/3R2K1 w - - 0 22,e2f3 e7e1 d1e1 e8e1,1138,76,95,127,kingsideAttack mate mateIn2 middlegame sacrifice short,https://lichess.org/mz6icx64#43,,,4
qqhE9,7k/p4R1p/3bN1p1/5p2/2P4P/8/r2r2P1/1R5K b - - 8 34,d2g2 b1b8 d6b8 f7f8,1234,106,55,32,endgame mate mateIn2 sacrifice short,https://lichess.org/LM4GSKJ9/black#68,,,4
pm90M,4k3/1qp2p2/2r1p1p1/4P1P1/p7/P2Q1P2/1Pp4R/2K5 b - - 0 28,c6c5 h2h8 e8e7 d3d8,1038,87,85,68,endgame mate mateIn2 short,https://lichess.org/wA7OX28b/black#56,,,4
WdYuF,r4r1k/2p3pp/1pP5/pP2B3/P3P1b1/4Q1Pq/5P1P/R3bRK1 w - - 0 29,a1e1 g4f3 e3f3 f8f3,1257,78,93,785,advantage middlegame short,https://lichess.org/2n263lue#57,,,4
TOHEi,3r1bk1/R4p1p/4p3/6p1/3B4/3P1PP1/1P5P/6K1 w - - 1 28,a7a4 d8d4 a4d4 f8c5 g1g2 c5d4,1140,77,89,2430,advantage attraction endgame long pin sacrifice,https://lichess.org/5uNisqVb#55,,,6
uGPBS,r1b1k2r/pp3ppp/1q2p3/3pn3/1P1P2Qb/P2B4/1B3PPP/RN2K2R w KQkq - 0 13,d4e5 b6f2 e1d1 f2b2,1113,75,96,5459,attackingF2F7 crushing fork middlegame short,https://lichess.org/qOygfrqc#25,French_Defense French_Defense_Advance_Variation,,4
aeVWD,4r1k1/R4p2/3P2p1/5q2/3Q2p1/6P1/PP2rP1P/3R2K1 w - - 1 27,d6d7 e2e1 d1e1 e8e1 g1g2 f5f3,1237,75,82,239,endgame long mate mateIn3,https://lichess.org/9GBeYGwP#53,,,6
SvG7u,4r3/8/2r5/6R1/4p3/4Pk2/3K2p1/6R1 w - - 0 57,g5g2 e8d8 d2e1 c6c1,1151,75,79,323,endgame mate mateIn2 rookEndgame short,https://lichess.org/WrmomcJU#113,,,4
wQTMn,4r1k1/2p2ppp/q2p4/2PP4/P3r3/3QPR1P/R5P1/6K1 b - - 0 30,e4a4 d3a6 a4a6 a2a6,1001,91,68,58,crushing endgame short xRayAttack,https://lichess.org/ACp5Qi7T/black#60,,,4
stttB,7k/ppp2p1P/3p3P/3P1Q2/4PP2/P1b4R/KP4q1/8 w - - 2 39,a2b3 g2b2 b3c4 b7b5 c4d3 b2d2,1298,74,97,5170,endgame long mate mateIn3,https://lichess.org/Ar5UjMDk#77,,,6
Y64nG,6R1/8/k7/8/1Kp5/1nPb4/1P6/8 b - - 16 57,b3a5 g8a8 a6b7 a8a5,1130,103,89,18,crushing deflection endgame master short skewer,https://lichess.org/nkdUy5Ex/black#114,,,4
ty3sW,r1b2r2/1p2qppk/p1n1p3/3pP3/3N4/2N5/PP3PPP/R2Q1RK1 b - - 0 14,c6e5 d1h5 h7g8 h5e5,1066,80,86,574,advantage fork middlegame short,https://lichess.org/MDgEWcJa/black#28,French_Defense French_Defense_Advance_Variation,,4
fmqgF,b3r1r1/2Q1nk1p/p5qp/1p1N1p2/1Bp2P2/7P/PPP3P1/2K1R3 b - - 0 27,a8d5 e1e7 e8e7 c7e7,1136,85,96,659,mate mateIn2 middlegame short swallowstailMate,https://lichess.org/tR2bjO8Z/black#54,,,4
ExWw1,6rk/p4p2/5Q1b/1pq1p3/4P3/8/P1P3PP/5R1K b - - 0 33,h6g7 f6h4 g7h6 h4h6,1141,75,100,318,endgame mate mateIn2 short,https://lichess.org/FJrbOequ/black#66,,,4
gvQck,3rr1k1/p6p/1p2n1pP/5p2/3b2Q1/6B1/PPP1N1P1/2K2R2 w - - 0 30,f1f5 d4e3 c1b1 d8d1 e2c1 d1c1,1230,141,70,37,long mate mateIn3 middlegame operaMate queensideAttack,https://lichess.org/jGKDNJgF#59,,,6
UUwtA,r2q1r1k/p5p1/1p2Q3/5ppP/3p4/2NBP3/PP3P2/R3K3 w Q - 1 22,e3d4 f8e8 e6e8 d8e8,1170,79,92,2498,crushing middlegame pin short,https://lichess.org/Nef13ptp#43,,,4
QvzUH,r3r1k1/pp1bqpp1/2p4p/3p4/3Pn3/2NBPQ2/PP3PPP/R3R1K1 w - - 2 16,c3e4 d5e4 f3e4 e7e4 d3e4 e8e4,1163,86,83,41,advantage fork long middlegame,https://lichess.org/oFLJ23u3#31,Queens_Gambit_Declined Queens_Gambit_Declined_Three_Knights_Variation,,6
J7wfE,8/1p4p1/p1k2p1p/3Rr3/2P2KP1/1P5P/P4P2/8 b - - 0 31,e5d5 c4d5 c6d5 f4f5,1169,76,94,4755,crushing endgame short,https://lichess.org/3pj0pzR1/black#62,,,4
ZbVaZ,r1b1k1nr/pppp1ppp/5q2/2b1p2Q/1nB1P3/3P1N2/PPP2PPP/RNB1K2R w KQkq - 3 6,h5e5 f6e5 f3e5 b4c2 e1d1 c2a1,1193,76,90,436,advantage fork long opening,https://lichess.org/uoLuJYro#11,Kings_Pawn_Game Kings_Pawn_Game_Wayward_Queen_Attack,,6
aZU7J,6r1/8/3P4/4PkN1/3b1P2/5PB1/6K1/8 w - - 7 58,g5e6 f5e6 f4f5 e6f5,1192,79,71,96,crushing endgame hangingPiece short,https://lichess.org/kOjDgQ2Z#115,,,4
yRYXs,8/3r1kp1/1p5p/3bR3/Pp3P1P/6P1/2B5/6K1 w - - 0 45,e5d5 d7d5 c2b3 f7e6,1025,76,97,1871,advantage defensiveMove endgame hangingPiece master masterVsMaster short,https://lichess.org/JLijhhdu#89,,,4
RVlbt,8/5p2/6p1/P1k1P2p/3p1P2/1K4P1/R6r/8 b - - 1 55,h2a2 b3a2 d4d3 a2b2,1122,76,87,593,crushing defensiveMove endgame master short,https://lichess.org/XNgxjTnY/black#110,,,4
nyinG,b6k/p2rNppp/5n2/8/1PRQnq2/7P/P4PP1/4R1K1 b - - 0 28,d7d4 c4c8 d4d8 c8d8 f6e8 d8e8,1068,80,90,422,backRankMate fork long mate mateIn3 middlegame,https://lichess.org/vgL7Sy8d/black#56,,,6
FV8PI,4r1k1/1p2r1p1/p1p4p/3p4/1P1P1b1q/P1Bb1P2/RQ4B1/3R1KN1 w - - 9 32,d1d3 e7e1 c3e1 e8e1,1158,111,100,26,middlegame,https://lichess.org/4umK6c5J#63,,,4
DWurC,6k1/5pb1/p6p/2p3p1/3PB3/2P2nP1/PrN2q1P/R2Q3K w - - 0 25,e4f3 b2c2 d1c2 f2c2,1137,78,84,625,crushing middlegame short,https://lichess.org/xysdO4xE#49,,,4
pXvg4,3qk2r/4ppbp/2Nn2p1/1p6/5P2/8/PPP3PP/R2Q1RK1 w k - 0 17,f1e1 d8b6 g1h1 b6c6,1213,82,84,406,advantage fork middlegame short,https://lichess.org/uvnLIA1k#33,Sicilian_Defense Sicilian_Defense_Dragon_Variation,,4
M8Ho8,rr6/4q2p/b2p2pk/Q2Pppb1/4P3/2NN1P2/1P3BPP/R4BK1 w - - 5 26,d3b4 a6f1 a5a8 b8a8,1214,79,93,1058,advantage master middlegame short trappedPiece,https://lichess.org/EBm69skW#51,,,4
vQaII,8/1b4kp/4P1p1/p7/PbN5/6P1/B5PK/8 w - - 2 47,c4a5 b4a5 e6e7 b7c6,1026,75,97,4059,advantage endgame hangingPiece short,https://lichess.org/X6jFz2tQ#93,,,4
hV2y0,r2r2k1/pp3ppp/8/n7/8/P2B1P2/5P1P/3R1RK1 b - - 0 21,d8d6 d3h7 g8h7 d1d6,1173,101,77,44,advantage discoveredAttack endgame short,https://lichess.org/waoumi65/black#42,,,4
0QrQ3,8/2p1k1pN/3pnpP1/3q4/8/3Q2R1/1r1KPP2/1N1R4 w - - 8 41,d2e1 d5h1 g3g1 h1g1,1278,78,94,4305,mate mateIn2 middlegame short,https://lichess.org/fCHt2IYq#81,,,4
Q4HUQ,r1b4k/pp3p2/3R3P/8/4r3/8/PPP5/1K4R1 b - - 0 25,h8h7 g1g7 h7h8 d6d8 e4e8 d8e8,1004,90,92,63,endgame exposedKing long mate mateIn3,https://lichess.org/8kMgKy5R/black#50,,,6
QRIQN,2r1k2r/pp3pp1/3qpnp1/3p4/Pn4P1/B2P3P/3QPPB1/R3K2R b KQk - 2 15,b4c2 d2c2 c8c2 a3d6,1205,78,78,69,advantage middlegame short,https://lichess.org/n0NFSlBz/black#30,English_Opening English_Opening_Caro-Kann_Defensive_System,,4
R5bPN,rn3r1k/4Np1p/p2pb3/q3p3/4P3/2p1BP2/PPP3QP/1K1R1B1R w - - 2 18,h1g1 a5a2 b1c1 a2b2,1291,79,83,95,mate mateIn2 opening queensideAttack short,https://lichess.org/QW5EG2iw#35,Sicilian_Defense Sicilian_Defense_Scheveningen_Variation,,4
VDQLl,Q1b2rk1/2p3pp/p2b1q2/8/2pPp3/7P/PP2NPP1/RNB2K2 w - - 1 18,a8d5 c8e6 d5e6 f6e6,1146,79,74,193,advantage defensiveMove middlegame short,https://lichess.org/aDaZgGoB#35,Rat_Defense Rat_Defense_Balogh_Defense,,4
wopKN,8/p3k1p1/3rPp1B/4q2p/8/P2Q1P2/1PP4P/1K3B1R w - - 0 25,f3f4 e5e1 b1a2 d6d3,1179,76,72,117,advantage endgame queensideAttack short,https://lichess.org/Zpuu1CZn#49,,,4
EbI3V,r2r2k1/ppR4p/3qbpp1/3P4/5n2/P1R2NQ1/BP3PPP/5K2 w - - 0 31,d5e6 d6d1 f3e1 d1e2 f1g1 e2e1,1173,75,95,716,deflection long mate mateIn3 middlegame,https://lichess.org/v8285HuJ#61,,,6
8sIlP,2kr4/p1p4p/2p3b1/2N4p/3P3R/1P2KP2/P5P1/8 w - - 4 37,c5e6 d8e8 e3d2 e8e6,1083,80,88,415,advantage endgame pin short,https://lichess.org/nDBbiq9I#73,,,4
7U8We,1r3rk1/1b3pp1/p6p/3Pp3/3qn3/3B1NR1/2P3PP/1R1Q3K w - - 0 24,g3g7 g8g7 f3d4 e4f2 h1g1 f2d1,1167,84,91,415,advantage fork long middlegame sacrifice,https://lichess.org/w1kPy3Er#47,,,6
